Perplexity_Score,Burstiness_Score,Skill_Velocity_Index,Semantic_Delta,Digital_Footprint_Density,Is_Fraud
0.7466361348397006,0.5253718947150472,0.18298869739406404,0.18537726901561968,0.9589904576069933,0
0.3464177238752437,0.22751554940347832,0.7668045082505548,0.7636883338844433,0.0,1
0.837310317655311,0.5581278200919512,0.4030283454031842,0.2676441555277225,0.7237789703529034,0
0.43554397669558986,0.5292029626568359,0.4380091354147452,0.3726933223884308,0.8232786025788469,0
0.16864703138276022,0.26539007342557475,1.0,0.8783589664798608,0.3075065039348542,1
0.5620863648649295,0.4475791249479665,0.2755843364709351,0.21652246678934592,0.7468938933588465,0
0.13502347731517328,0.1530031479164082,0.8173303786813636,0.6488116580436787,0.12915636766819727,1
0.7348074906036454,0.7484902528016298,0.15151020315500963,0.14723248590740418,0.9645729067630544,0
0.2138098989896391,1.0,0.3538755992446369,0.2575433638901593,0.9853673287733231,0
0.1966387435296287,0.062167692282026094,0.752463397272175,0.8290897057590007,0.0,1
0.7295291853803685,0.5346216260953702,0.40470983026121543,0.0,0.5346386142666324,0
0.28584511166566656,0.17252641172475494,0.8724339656778083,0.6810767534922871,0.24521176991825605,1
0.19475955494225305,0.26038773433162576,0.7829884799545767,0.7237480760853402,0.09373517778781786,1
0.11107591717716758,0.20222506360177786,0.9387503967414059,0.8226684248494598,0.2534482101794515,1
0.4897223405811578,0.9190840092309955,0.18569950872695162,0.18318559144610058,0.76056637561876,0
0.35781180575621846,0.19441983272906718,0.7320630878367382,0.8102484642158208,0.0,1
0.6273648890700623,1.0,0.17903589813087945,0.3873658545162958,0.8545447823937452,0
0.10922438198530797,0.2341983695452127,0.8908052846836756,0.7939596270803092,0.07513841462333226,1
0.5480753319498364,0.7501834375248762,0.23485819963855514,0.4013449743242131,0.7603227738034084,0
0.7757480918470685,0.5250362844608643,0.24183190860513562,0.2570052163113181,1.0,0
0.8298632791255182,0.6552182100421667,0.1985243269307133,0.366187830260819,0.5653637582433424,0
0.24086073077017678,0.07909790423695094,0.8128142117721334,0.740337094138827,0.09241285493149767,1
0.6891984817629498,0.24237509296442922,0.17053185242790941,0.2566990717224872,0.43417742625853567,0
0.919847315338233,0.31611894377572564,0.35228354880354995,0.3721033695525353,0.8089898945399493,0
0.9798661766717134,0.6527858583825893,0.2311849654822276,0.26684609762696143,0.7437205429514095,0
0.664811929993728,0.7254600986089704,0.33464884758979924,0.17719970587708656,0.9226834487037543,0
0.6792603548243222,1.0,0.39246336829127687,0.19488142836714667,0.7783221993926723,0
0.47277291629712026,0.738852662297208,0.20316555451363644,0.22410950262959226,0.888282990465608,0
0.21448878330968912,0.07273405547291759,0.7975432986232949,0.8494063918975521,0.2406934745891751,1
0.6687816624464087,0.7359236438265172,0.3388578604530964,0.062482753035425526,1.0,0
0.7607472566441433,0.36866778063035555,0.14441043537963724,0.3501046092567141,0.9382475167886689,0
0.9284686115904486,0.4496759980210169,0.45421099525678754,0.2851448207541583,0.6115239658581116,0
0.2195024984028127,0.061893166333870764,0.8603438129308106,0.7163937847899976,0.0,1
0.14425769468916788,0.0,0.8087586181783519,0.7569690680045358,0.060012176133162856,1
0.23423378344896217,0.02450773319977073,0.8340637767854093,0.7652697711042158,0.10340080962281469,1
0.14301670717612414,0.16954817315532908,1.0,0.7120717217588013,0.0,1
0.8457356426431533,0.5099758370121654,0.21607903326609934,0.27392468641111495,0.7934784575279207,0
0.09148494734422019,0.20565531245337582,0.7998215807188468,0.6633141636719174,0.07859323022721387,1
0.17702003694248064,0.10488411415910012,0.9779518669760159,0.7482307427130785,0.1348341739246127,1
0.1471022291935985,0.16566937282465247,0.8549308331520222,0.884310533232324,0.08766559359538896,1
0.15341944308818373,0.21386601686431023,0.9752842634427483,0.8209534230262795,0.07640834706878762,1
0.5411179717166572,0.6986678898645384,0.30212715767360615,0.24486062764115138,0.6964188421525611,0
0.0,0.06950335191474391,0.8928186247810576,0.8099886954409213,0.0,1
0.15146941646321319,0.14609804806224558,0.6183856137031123,0.800855608082435,0.10193440708117543,1
0.5447136516370938,0.7413506438307568,0.33811583848827775,0.5637748533659994,0.8359106750803066,0
0.5273509633866545,0.3244915124233675,0.30380034781682,0.4384586305934609,1.0,0
0.6664805822011223,0.40557443822161093,0.20103718634296625,0.13209602088401973,0.468220713300574,0
0.12152380918722966,0.1970044187368202,0.7385953549838007,0.5369269863170937,0.26163000427219163,1
0.49852590026034105,0.10368386379146009,0.6006729179669922,0.6576317363116078,0.20743330047702438,1
0.25555126463422484,0.19535087125544673,0.8396568775709716,0.6848846263447131,0.15008315910042117,1
0.5825120061495644,0.814634116792383,0.41894704889246404,0.15448774206506471,0.8152784442892981,0
0.3738851351853332,0.3586047049537114,0.7643501762590801,0.8494705653775033,0.16594512411136114,1
0.45887751481581585,0.598081729727279,0.28499444129674734,0.2420358608754285,0.8260012496555613,0
0.16149781882871364,0.2361636124497944,0.8643048769878953,0.8145836470215384,0.12274958757320538,1
0.9050311401166786,0.5194752041395219,0.3014688194729197,0.2694736194718775,0.5928433095269339,0
0.04513817011362534,0.22211353625455815,0.7740296882519713,0.6920263678724152,0.10193812376980253,1
0.7018888601172691,0.716891357997405,0.20667320409268036,0.3626705136827583,0.543896306361058,0
0.8744745628232439,0.7764815478111042,0.1907687235327421,0.1877350638265548,0.6986437881257583,0
0.7511727962224966,0.5757118268008418,0.29374068721004776,0.15775898155014972,0.8227636988373112,0
0.5593262440127316,0.771201990269128,0.3040591691203882,0.22587423453814576,0.8708609416820566,0
0.8127899549030161,0.6947768048558263,0.4050654396007612,0.3648445709196755,0.7713458356099747,0
0.7391582908269834,0.4542472568435385,0.10017993154678922,0.45574954697116987,0.6392214150439768,0
0.23278795241593575,0.25383788510193167,0.8975430682526623,0.7420875890364254,0.008718908070348697,1
0.6567012041619792,0.7442831112772809,0.33918040054025467,0.22499534854010472,0.8215082701013378,0
0.7542454037571451,0.27584161579482885,0.25322987986881085,0.09374541431134573,1.0,0
0.2651521991339506,0.03382161560876361,0.8534027411072231,0.9146030144142065,0.10678385139169377,1
0.5652377992977462,0.8140964362394728,0.3459972142939116,0.30462842480036995,0.5230718206642859,0
0.3481663402462599,0.21952029000839993,0.6713624534645313,0.9178512689798424,0.0696435674734085,1
0.6281238643232064,0.7079549713792826,0.37716987106483446,0.2478632705651564,0.9276346943251959,0
0.8546499283743926,0.7175205324150404,0.24496948461545798,0.22735211080984732,0.5981193614790178,0
0.6648769937914996,0.5198714861756346,0.369822331361359,0.23298153774750716,0.5159577999569323,0
0.5566689339099361,0.735091512356993,0.2627166847908233,0.11203818352110695,1.0,0
0.2668340488718081,0.1751473608940512,0.923463754545933,0.7627324416048026,0.06903502860119388,1
0.8768945776095739,0.5607132770898944,0.4528468426412532,0.23318561814152103,0.8586043881392217,0
0.2890247500836509,0.160940847183297,0.6413522341628914,0.75225892938072,0.0058977299333621,1
0.6595889748333162,0.3603972199167512,0.3860473488359745,0.20346895432199466,0.7964671773688643,0
0.32958717818630145,0.09678314368728104,0.8440584818727506,0.5781652239948919,0.2292745289518207,1
0.5665728355561714,0.8992170384995258,0.3758928589786765,0.22610679008303056,0.9481001774883653,0
0.27682072166317373,0.14260271364056218,0.7700059493298066,0.8324340210014869,0.04305502255078896,1
0.9213034325424327,0.5389045761679491,0.11980195624199802,0.4275310892609512,0.8925508924365047,0
0.25348173363459103,0.19004813865063286,0.8639887232839127,0.7327514403993665,0.11469352983866879,1
0.9814256258823828,0.5781415818425881,0.4561511196726853,0.29240610444640897,0.6613650283597544,0
0.11049301577233954,0.19559041951707026,0.7771922902144679,0.8479827035366834,0.07167819610547675,1
0.6411837770301763,0.8575079888515799,0.37326400772155793,0.013706756445816148,0.9558667681130404,0
0.6696711021349159,0.47107853955609924,0.34746982328799525,0.33950383140761153,0.9331483138810754,0
0.6339933269954524,0.5246065884424466,0.22644700574102333,0.26232048067844854,0.7243730253488493,0
0.1543879172525812,0.08722660939154943,0.8681062742771082,0.9509131013404551,0.0,1
0.472094505106898,0.4601202222336114,0.42276689924732924,0.3011202599524981,0.6121409833380322,0
0.6971475688145966,0.934100849597971,0.24234895992732805,0.35005823180429785,0.9817915978079601,0
0.5205690063878994,0.5847952935664318,0.12602862212219001,0.33840453963610495,0.7845167370601256,0
0.7993196011781569,0.38293112825797976,0.2847530163619456,0.24168944273713053,0.6983653021496518,0
0.2220541427013867,0.15771564962177168,0.7392843183197548,0.6327106098688426,0.11488768039176911,1
0.10736188700184617,0.08417515876661516,1.0,0.6583772944207354,0.19452115346114837,1
0.32235688824186276,0.038281353829299744,0.7277104980444435,0.6088359449348243,0.17840027793107482,1
0.7944443262885418,0.6559512278991491,0.33216978061960134,0.2521311648671942,0.5745379547360274,0
0.22522403964266774,0.2563940987560856,0.8163613054588863,0.6867215048732256,0.049876589220978734,1
0.7444180415596864,0.5960250129413258,0.307863519031609,0.3119154261005198,0.900572092586182,0
0.0,0.27794649316577513,0.9646440870400728,0.6968044757905565,0.11580892253231845,1
0.818654792056457,0.49190510891093764,0.4105525932957984,0.26132704105377647,1.0,0
0.3758620484195134,0.12514713819255505,0.7433765068100775,0.7694380888931688,0.18316167861804036,1
0.18244360545007846,0.23407344821295492,0.8412564671222819,0.8262066809086726,0.20626572907875265,1
0.8587636730274382,0.9631048058468681,0.2778746376414228,0.3600959634998571,0.9686530039805754,0
0.25082686396745896,0.3472542176789808,0.8106947242938599,0.8839663864431189,0.0,1
0.5609604292632875,0.5348724347524452,0.3558326912521722,0.41399645293713927,0.8655107827600265,0
0.5756507483616891,0.8376567611951996,0.2331909546356951,0.44011906857530075,0.9577921426584378,0
0.06328621935397544,0.0,0.7242131844091112,0.8793818467143816,0.08422530167685148,1
0.7915555398150197,0.5575449422589915,0.2244254840507155,0.09862856073871729,0.8375300309377542,0
0.1803533416571903,0.21464895377257706,0.7947079162632698,0.8929409984790816,0.1796701927070742,1
0.09410924129433995,0.28705361439967136,0.6861970942563983,0.799443970635193,0.10262047527740357,1
0.21235476959555824,0.22214793237573432,0.8393662997468685,0.6196137207437635,0.11117991582033883,1
0.7305195453800835,0.640457728771604,0.26003638143853974,0.33623934723827587,0.6850015118324979,0
0.5340497538990957,0.8242249406863384,0.41487657003721035,0.007575973972705818,0.8585697274893335,0
0.2553251219984784,0.181318447386498,1.0,0.8084168230185697,0.019771997286045645,1
0.7096420028643193,0.6536867866130787,0.30438114719791093,0.1964036554885952,1.0,0
0.1508097552493795,0.20798572852951322,0.8272523740046592,0.807227896538429,0.23101919080808972,1
0.6551488974301198,0.8041730387773934,0.25718848390340876,0.36647393544571716,0.9805826655753225,0
0.6204248278584208,0.6419684098711314,0.18041169379648153,0.2305091719647319,0.9024993489216604,0
0.26855077387902043,0.09498847170634611,0.7000984039541598,0.8200459631413729,0.0,1
0.3274875041278722,0.0,0.8084786232094728,0.8231842092134849,0.016110732597426375,1
0.44116766755784215,0.0,0.7725385029981418,0.8001325688734408,0.33921096352739927,1
0.14111331732613042,0.12156153503934906,0.9590861670603698,0.7952629297455565,0.0,1
0.9379025224218027,0.7260395702011927,0.37081086766885907,0.09952796259689978,0.979116410457106,0
0.16787572338820883,0.04852405068141477,0.8597670376748335,0.8383435031403644,0.019605158527251892,1
0.46740048534008005,0.31150707405703615,0.3321357215450273,0.2984732817294475,0.8657713608214591,0
0.11046536776369759,0.0,0.9458385819842042,0.700830333655969,0.17918593103880676,1
0.1840954789599949,0.32963608229269636,0.8189692294615096,0.7682649507757465,0.034632085936258106,1
0.10733016911526894,0.18380234811017082,0.8259334825469786,0.7791531789459593,0.12642682716456366,1
0.11669439429992413,0.18616610612470166,0.6531495786561946,0.8731955502509846,0.165233033817668,1
0.18094968940021888,0.30886269280435963,0.6109695632530562,0.868023020841763,0.027182809903018454,1
0.7619397181413436,0.8468644796953168,0.2611823181458771,0.24667700093555392,0.8010594737942265,0
0.1736551783917751,0.20156280884439565,0.8416282040150788,0.7657121138442436,0.12513166482381025,1
0.5108674068497432,0.46535335077781914,0.3330880232214457,0.0,0.7808676319433699,0
0.38141564135352896,0.5521121114963556,0.5157308213265503,0.12656511281200777,0.8515681822324829,0
0.28745170741325227,0.06382969297437417,0.8349679539728128,1.0,0.12790838583451852,1
0.22965755451407618,0.1410765845778551,0.9096441137581752,0.7756938801119134,0.0,1
0.504329574924272,1.0,0.3399687951752641,0.31215718898560507,0.7245537844172986,0
0.3045088474084754,0.08230048615414685,0.8807612668189196,0.7373684723816993,0.08713405536479442,1
0.8274403145531537,0.3946502848359381,0.38384907744516417,0.31713400764504657,0.6787601417538611,0
0.36850142787085094,0.0,0.7671803727034765,0.9355572935710349,0.09501198458718824,1
0.2651136241823657,0.1518401630783438,0.9574318012715561,0.8297244273380124,0.0,1
0.6422029604707359,0.7741344195101356,0.26908835357974986,0.18075790201261438,0.8693886939280927,0
0.3410459145203504,0.11419706202530136,0.8546934902060369,0.8207603351400626,0.17717961772356614,1
0.10813134885139057,0.051770596574532035,0.7260947297473357,0.5160921340514573,0.012152619865793995,1
0.41991022111123777,0.30796632146867486,0.3309820710227027,0.22404533224160827,0.7028687291547262,0
0.5729809422897392,0.7921919936406984,0.3550052099024552,0.27832878715461423,0.7356133369552008,0
0.08977078501635767,0.0,0.8492955014519445,0.8276600765511181,0.03129859003005027,1
0.7375739275518814,1.0,0.20086076505436928,0.30796331732135757,0.7736218393351894,0
0.23161559571827783,0.28305749040390404,0.7649464721252955,0.8359475797547126,0.166536893503283,1
0.9176715411692562,0.3741361543970946,0.16280988570686436,0.21919657158142586,0.8240027338779182,0
0.9253535578144041,0.7380028900106665,0.2832878286213588,0.5144343347017035,0.8337961883061413,0
0.3962286120013589,0.7012059468627752,0.4677700814076441,0.1446317580853646,0.8021409601754652,0
0.6884347435878844,0.5814624811839303,0.3104201103951876,0.21082418509561782,0.7520228715117735,0
0.8232853756562836,0.20777293819842296,0.2506243416838687,0.24643585177025165,0.7525890715959426,0
0.7104703127485028,0.6351133141799907,0.31920491164900316,0.207069777548274,0.8999468751363818,0
0.3941151733359849,1.0,0.3815737212539297,0.2996699223236522,0.6470503491961828,0
0.7771658251088123,1.0,0.2749166983544953,0.26429430947637067,0.6277605066871073,0
0.5776284572551842,0.2353219535183701,0.32811914239693757,0.21331755881853123,0.7886073464536216,0
0.17411455996301684,0.016327456112406935,0.8863115627744523,0.6843584183256144,0.07642887551433315,1
0.3023709546106982,0.2778865813313393,0.766307929620372,0.7030256280365326,0.15779785236395572,1
0.15499871420041864,0.12775251032217344,0.9085904201164648,0.854090851856099,0.12678436378663333,1
0.7175991074963173,0.5881655753062721,0.21015320182089625,0.091586405699451,1.0,0
0.39870611116994414,0.021954442899753318,0.9293175688218678,0.6436965693428747,0.12909473643394853,1
0.1938235800139871,0.15795978623760362,0.6424411990921466,0.7931876574832047,0.0,1
0.6369032015851961,0.4655669351644749,0.010374462180631039,0.3874876419148185,0.6646922668463735,0
0.06877808065685939,0.0,0.8832607510324197,0.6434351968394404,0.22725701629285697,1
0.9284544784612038,0.7625938473381142,0.2353063222294426,0.2496625542589048,0.753805770554144,0
0.26227112239002687,0.2936335405705979,0.8477721020816287,0.711223048846146,0.17219034854381415,1
0.3547118252896622,0.5137896685050238,0.23902170956806176,0.0,1.0,0
0.6828190232121073,0.8913017933016714,0.4200413907944425,0.3060919447941239,0.8310900994098417,0
0.24572804046152413,0.25487071264165634,0.9694762861876938,0.7545205282622307,0.09833896576740911,1
0.7820646071755056,0.9011512251147042,0.4085895565831578,0.09188092979678664,0.8801758472720825,0
0.08693846650624737,0.2686734620177331,0.8777358461964676,0.7908293975854874,0.03345777018705395,1
0.11536840225342643,0.0,0.9947305699391806,0.8756564674913141,0.11158245872269462,1
0.39541574337502866,0.044985926039785434,0.9495581514002029,0.5608043795686977,0.20071572005966692,1
0.25628808601743547,0.04291475813155611,0.6481512135611361,0.7389142360194935,0.0,1
0.15002698238483694,0.09360525119417568,0.903629090951719,0.7595638007309977,0.052582182489603516,1
0.8960714131423642,0.9838043050578786,0.43757068133116195,0.39122205554154293,0.8076331552784027,0
0.3870965175371782,0.12114513041242951,0.884670997760492,0.8460271624982304,0.18728243510056347,1
0.1756616020624982,0.2899594645145793,0.7529875739620356,0.8473038282160216,0.0,1
0.7971532807151038,0.37028648523617175,0.3059630369920174,0.16818011165776928,0.6811370118500059,0
0.3388337778208448,0.15781430629696475,0.8337876024520141,0.6567328710260347,0.2609520665775973,1
0.8376792920582163,0.3796630788767333,0.38335289616089246,0.3177875319530908,1.0,0
0.6183425913212226,0.4973481686914967,0.47275431701007115,0.2127793223928947,0.34707317662687626,0
0.059443298082135804,0.07878261358239563,0.871273977585766,0.7905175768719128,0.09654493760460366,1
0.5938495801571828,0.6869672247389748,0.3419019009366045,0.3452874547202939,0.736885730947842,0
0.154269834491321,0.22597122954841684,0.9104120889588517,0.9420504287271063,0.11962409406667206,1
0.32374381346841397,0.0,0.9568379333694016,0.6901379574822188,0.038641239463720556,1
0.8161951080144004,0.7900619758817983,0.2944230922342294,0.38149144535840473,0.8298422220194742,0
0.8916515232847764,0.9654906559526949,0.5165002344901084,0.3000844474944457,0.6623745768478605,0
0.11754858384723266,0.31957228778108654,0.7768368261091472,0.9188596823087009,0.06812516847538669,1
0.0,0.2690548594343596,0.8675536229578598,0.8176189822502693,0.23739143852114497,1
0.17985084660524822,0.11991402528591737,0.8320906714983843,0.9558789184496894,0.244194500580189,1
0.20980675395389448,0.020737465284773715,0.9449594571364488,0.7649150569923526,0.23511140899867153,1
0.7772552900812989,0.3939141295007434,0.22980083121932443,0.3172573701202731,1.0,0
0.7779019771361758,0.6905846041702599,0.2984690150827004,0.2365691258529452,0.6455942737726893,0
0.747137099889291,0.4544889510402898,0.2516114165945678,0.31308116845547773,0.49942064533898706,0
0.24547409121411345,0.11219921009817826,0.9803507931934758,0.6004468219548262,0.07472367449038148,1
0.7259771388776772,0.7686202515936768,0.14070062664683305,0.2626379579546412,0.8284559251415594,0
0.1877291066404276,0.30301951988633513,0.9053149156379209,0.8420699631018479,0.07789575364629495,1
0.24666709819660812,0.137234531848181,1.0,0.9149672018878747,0.17899197221808524,1
0.28333339117803075,0.11590921226539201,0.8993654847643151,0.8047493468251643,0.3549009708717722,1
0.7180443447567848,0.7790968362282151,0.2677320161157864,0.13060749936009447,0.9217094831737389,0
0.5463418537998564,0.6307880200550701,0.20793264069206335,0.08980341881028314,0.6393419480526428,0
0.08244053943751484,0.08934966117842602,0.8139960731243017,0.8012828643543686,0.2481960768436536,1
0.13960193740307705,0.20737444210044131,0.9749504900706158,0.9173442276632445,0.10031477269063267,1
0.40604948141803365,0.5730888911540349,0.15356251197901796,0.19672991603380885,0.7236554561438753,0
0.843890623912781,0.5038139920116163,0.13864386021232586,0.327966053226934,0.8752674104251318,0
0.7665729142219342,0.4783284439637573,0.2294988144241591,0.4112278257988645,0.40936792150592993,0
0.7415036198995029,0.3684976610564358,0.22460354111333236,0.41153756894694415,0.6747285647554966,0
0.37041055162554914,0.19751677464953815,0.9671717914716159,0.9036302892072481,0.12412402484067293,1
0.6831507925463755,0.6320528611425547,0.24194765501952772,0.30556044660034487,0.930373409658391,0
0.19045357529109272,0.26008213984226053,0.7607212484508116,0.6692630217769037,0.0737253252313496,1
0.17001618037251195,0.015787225151488476,0.8102442234508278,0.7354427927964605,0.10929792465294097,1
0.539366125290833,0.5450959467440453,0.3918316606002313,0.15962981392698716,0.7729412477356389,0
0.5960635607109018,0.8606305706665808,0.2901110346808857,0.17480306682611807,0.8783771157898637,0
0.2996858773465808,0.20530400858523584,0.7861717273471506,0.5992543139254991,0.2820543907941816,1
0.7365530817237868,0.7849638984333208,0.3003046020153414,0.061815095450236085,0.8631459416584085,0
0.248387665118804,0.0,0.7710661494280325,0.717538774956524,0.017388800828545797,1
0.0,0.06971755560491576,0.9082571318808805,0.8819925252635235,0.0,1
0.12534216534597611,0.06270389095462994,0.8002429161614792,0.7476268697228579,0.0025193424077158133,1
0.6136272639032979,0.3638449795763904,0.3444602668220141,0.36337700968670644,0.7686029270630959,0
0.1770451344639653,0.022369558346166385,0.716722260252035,0.7727455278638191,0.22299903684386832,1
0.39041365895730074,0.013417584458456089,0.9737653757511998,0.6338916584432828,0.05315038866396843,1
0.19260524343916074,0.18676198402097108,0.7807749670734103,0.8233848025789599,0.04652433291556769,1
0.6960229186826175,0.638883065817909,0.3217432873179723,0.09368091913033427,0.775581064089156,0
0.3519283923641769,0.11307927995525538,0.9050797572273663,0.9127780250633899,0.16266136372630707,1
0.7496895147105346,0.7288904284756594,0.35436001545944323,0.39926885689595215,0.8393841993502887,0
0.18491622884333048,0.25581183250871503,0.8051775383699851,0.6908374827840897,0.05931147554956254,1
0.35163940552535733,0.11729826823902288,0.6810816962032737,0.8395420985388039,0.0,1
0.20036956718478474,0.05121266590992507,0.9082737583173864,0.8519902139528753,0.0,1
0.7984830412950744,0.6211279176152116,0.26751686164913774,0.3639878561129045,0.8836536591087687,0
0.6398169292171245,0.5724596880128032,0.284147042697303,0.08375080119643255,1.0,0
0.2091752484448373,0.0,0.8237340479683832,0.7099409647463939,0.14473939370689756,1
0.23674816654743044,0.10885733928839975,0.7534335196476791,0.6148157268425342,0.14964001177339412,1
0.6020006151139432,0.4989234135293355,0.2230026768941358,0.3001094169939845,0.6004529561391516,0
0.18745457399971,0.09164006736539951,0.8934770064556891,0.7920932658135444,0.0822082124195602,1
0.14517312050749231,0.09806036281738734,0.7975337592933197,0.5963779497144064,0.0,1
0.28970661968871325,0.19506034128625388,0.7150423788448468,0.7799647422205837,0.1686353555014533,1
0.29413105807674833,0.04788375424396997,0.8870061115268955,0.8337957528232118,0.0,1
0.32637066776546686,0.24778155496862003,0.9006240989305926,0.7538830267965382,0.23784696274615047,1
0.24826878872092129,0.11114792248169907,0.7326120035591027,0.7681762472257381,0.21442930685599393,1
0.06807528054012327,0.14434115111001042,0.7804305122802936,0.8859584872343557,0.2021515392781864,1
0.5840762178193641,0.672845529732408,0.23265093757561311,0.28319803305690144,0.7344920395939107,0
0.7362943407349051,0.6022103906267181,0.5075260872625266,0.17831776793971948,0.6846286475319053,0
0.23584536182096205,0.10969240109349691,0.8718534042410946,0.7938924328647624,0.23252760904370376,1
0.13952553354617875,0.020685845624135224,0.7720147053778361,0.7705757494363543,0.06548352945502037,1
0.17819541046076262,0.0,0.8317431025620459,0.9638359732270941,0.11286174504049666,1
0.20819955564135606,0.07442084998416369,0.8215844902071202,0.6109989828817057,0.0,1
0.2349650047299694,0.003321480938432292,0.8573196991001695,0.7990711438432184,0.16927690318488606,1
0.5708073698007604,0.5136031504004404,0.3184551303197037,0.3208303847201064,1.0,0
0.1257515767461616,0.22793490039053324,0.7300302471634692,0.827658150559105,0.2592669998282884,1
0.5637963886718184,0.6698664610858452,0.26796526918056796,0.14758131756707948,0.895312704531384,0
1.0,0.8647263499719544,0.3538296079049633,0.05207001896242122,0.9570976559932173,0
0.7466875231815304,0.16522413467420866,0.34195324439070274,0.3447526462122858,1.0,0
0.16485857642862675,0.24003985883950635,0.8924066861518452,0.7143148134872201,0.19552692372072056,1
0.7015349591529381,0.844510889925346,0.26835915503051977,0.2694607455237243,0.8051228626232038,0
0.7087313077669,0.8348054038413802,0.32239141340646615,0.3013907849658915,0.7037769636433536,0
0.10745753739404128,0.14066131411000515,0.6310078295021446,0.7049089270312768,0.010366734140793823,1
0.2249308595641729,0.05476836192612029,0.8359624941094663,0.811053531747394,0.15773635251066617,1
0.18447409511752513,0.11433268658201287,0.8860647891435794,0.6805810598907711,0.01519344019694914,1
0.30305805856240575,0.11251779433781939,0.7674346317197858,0.7253076714929833,0.16234071382799156,1
0.9442923318356937,0.44575343657385735,0.27513088738164526,0.27537396614945736,0.7802791106492499,0
0.6603014750143066,0.8371356786294922,0.20114088928490825,0.34983108981479605,1.0,0
0.789273553815537,0.931869488037116,0.3529692754356731,0.25768518829587683,0.9168404755268171,0
0.7007865549577275,0.6557489645869635,0.4185704154662997,0.3673124637586641,0.7179979873119102,0
0.09434423572397473,0.25235306441853445,0.9268839675968896,0.9162838577534986,0.1309047443032654,1
0.7602567583148412,1.0,0.20269310591184442,0.0751468026761819,0.9669032562484888,0
0.8505299346838036,0.44838273781651916,0.41608267873785193,0.30159392177040995,0.7798581256720544,0
0.6287582033258565,0.6873533528954157,0.3034083468259226,0.347519762978243,0.6651823927515308,0
0.1473752143482579,0.06837827554580352,0.6303872178900053,0.7313720864244916,0.022822804260712495,1
0.5213044754196027,0.689616952153571,0.3981765486991594,0.14934574347203589,0.9922465692505653,0
0.6711458552828315,1.0,0.3150418905143576,0.23195200864093743,0.9111236518130189,0
0.10755340118704457,0.0,0.7971702953337021,0.6846307718660142,0.0,1
0.18655032155982673,0.08823583230663032,0.9557368305378224,0.5573607929464792,0.15268979236657937,1
0.9180301115735975,1.0,0.290166037320525,0.4021316051922451,0.8277110868343587,0
0.036051583747456595,0.021169238253646222,0.8150560672783044,0.7659401293090139,0.19826831427699412,1
0.6947932345442135,0.6718789589209786,0.5403415585238275,0.27987529083656865,0.7657100126989973,0
0.7808365065526988,0.5937799414228091,0.5006092888159123,0.35701502383164274,0.9219807780121967,0
0.20933723742766513,0.21649271623017408,0.7951799701833228,0.7422079223167289,0.10693698026580695,1
0.5144573933682877,0.11062267141168569,0.19037249131047979,0.23128557349954512,0.5598644032285227,0
0.13322204435311139,0.05354622050898086,0.8743004722054399,1.0,0.1432216690759254,1
0.22700573583914221,0.12813467225649638,0.9790644460922547,0.838737148063299,0.24527555451261832,1
0.8648165277980785,0.5620537883451651,0.3817766299200287,0.26467930119855493,1.0,0
0.2853975976552224,0.2437915537510655,0.7151952888059833,0.7921769340941482,0.17014947819247145,1
0.44126232512304503,0.5346457338863335,0.47359638031652496,0.24173193141573007,0.9244212262897623,0
0.9307054849698954,0.9852874624550566,0.3477040827223121,0.12457105768307505,0.9854196082709328,0
0.46207930910299755,0.07669670044760106,0.7229938911287968,0.755405628613884,0.02506423105772225,1
0.1161414201552769,0.0974120324104796,0.8819524670782956,0.7474369066014616,0.11909165241437107,1
0.6169526041979226,0.7639534560464408,0.4289752754082745,0.35560568090660516,0.8749527665454401,0
0.15205070326007566,0.10885068554378197,0.786724497011496,0.9656208252057297,0.14253213083301106,1
0.9778417276763406,0.31769598754620804,0.13314159261224104,0.07315606344371484,0.6539680700443298,0
0.9326727963283784,0.7715793019433079,0.30570131248970844,0.1712216248091761,0.8827214412859286,0
0.1692191528861116,0.34532591375265687,0.7771538378319657,1.0,0.0,1
0.21838345163225045,0.18385528762859144,0.7111457446168788,0.7576401418271823,0.1507020272135357,1
0.6099674684261808,0.6004962728896991,0.3393317839394372,0.2462963202951588,0.6276808947262016,0
0.9346965483721008,0.6061798942382272,0.17170077758114302,0.11434181953765948,0.8295973561108394,0
0.16075288939391272,0.17927154821418534,0.7727431251243759,0.8500143033113884,0.0,1
0.10399537047205364,0.09847816061917572,0.6417901296811013,0.6405244041836669,0.2635797806135815,1
0.44302982063636837,0.6165763839366292,0.16528737104703034,0.22412039373328976,0.6617210280312031,0
0.6621147772910259,0.8798546652571352,0.31693608240360777,0.22539375118700514,0.9020324158175674,0
0.3081766727672829,0.2212712028861331,0.7928253958043938,0.9097300187543709,0.15101574689151837,1
0.26021183203924836,0.12865432206495617,0.802873625929748,0.7042431044984788,0.1683223014788808,1
0.332893331953541,0.19373131870389607,0.8277279299223392,0.8571179406219209,0.05308691457895911,1
0.1823225836884218,0.23814075289235712,0.7717996507488962,0.6641425984742526,0.16455877121741935,1
0.603014067363621,0.9506796603534302,0.1581634267066968,0.32250957868479974,0.7419304025315728,0
0.7336138722715625,0.707173078144981,0.2972695460490068,0.3532546204341657,0.7196297805421554,0
0.16334929796319483,0.2334751326324882,0.8980908092748895,0.7598204973058367,0.0,1
0.6562459375310085,0.46913667497911826,0.19772074348015944,0.13803825667109887,0.726254572155193,0
0.2534629086122435,0.06432279061732071,0.846771938895053,0.8206361771325451,0.06995340512792964,1
0.56742138456983,0.7152266044484237,0.2980362201073319,0.14996686753944252,0.8638830809289554,0
0.4933495948064363,0.33867416529521926,0.3048860070325704,0.2909818656928512,0.6565345434772987,0
0.58404853242168,1.0,0.2115197285973099,0.20891857120454152,0.9853717430010408,0
0.08937064875883659,0.03283456526824381,0.8686416169744046,0.8662051834758474,0.15030903686237468,1
0.6670492168243731,0.7176992814988828,0.2651347865592141,0.2700569197230943,0.8000791938284897,0
0.7275013008607527,0.6947575903277797,0.40399046873960764,0.22907781262554722,0.6010928470876943,0
0.9104191466404148,1.0,0.36387302220291845,0.34192289345752036,0.7971109430398409,0
0.695095787785886,0.8244914656560289,0.4173473857485325,0.21083514325782088,1.0,0
0.12690437242845268,0.3491553302204734,0.9509471788595969,0.6941559366358347,0.18271154285657681,1
0.7460949281314914,0.7863001394745249,0.27097254558113487,0.1703974143196511,1.0,0
0.08523086101843327,0.03589914902472616,0.9413473732017407,0.723864473019106,0.2040061819902576,1
0.2745005312877281,0.14227789547769543,0.8724234744535292,0.6913945417881915,0.1305243126531353,1
0.19689410671290983,0.0,0.7760628592540963,0.8994447375508908,0.039199385706267645,1
0.9829278851815795,0.4952421601792854,0.36127739050625696,0.26226703159947956,0.6649068898028198,0
0.27505791675217656,0.0,0.8177971845507941,0.8846882103884914,0.19282456913443247,1
0.2629529584221811,0.1261889563687946,0.8822082310766985,0.8997632076920246,0.0,1
0.2640479795200824,0.164098269961206,0.7903025713278926,0.8551885971822154,0.10828325705181,1
0.8035215987566668,0.5274422619031227,0.4196571501664491,0.38043402428781525,0.7056104909460817,0
0.5811218892350949,0.28182515373367095,0.2620872259012513,0.23955507814625285,0.8158841679672851,0
0.4827873487754013,0.7078337287815637,0.04460788650980452,0.37657078408647005,0.7281743815987394,0
0.2625508016831036,0.0,1.0,0.9856647436561955,0.33883719928704387,1
0.16915172115441804,0.1724216404290793,0.7422623923015241,0.8299647687837348,0.04023323167451429,1
0.7745071229516849,0.8352355095063283,0.4399355436586002,0.32783610761666376,0.6987232587538428,0
0.352100622715938,0.09393923631526899,0.9070507208354516,0.8296576938530306,0.1969569025752907,1
0.48888043384351665,1.0,0.39343199112392735,0.1633825151785499,0.6705836353935319,0
0.2543479378670093,0.26535903433169256,0.9068103205128646,0.6605504931140739,0.1389604524091988,1
0.5128325227052726,0.5093647149748225,0.15862855030950196,0.16567534046838084,0.9788761268716963,0
0.10510834791751628,0.0,0.7919351697446049,0.9267651511187974,0.13268554006104374,1
0.4590330519613641,0.45660477137415745,0.4726963851233405,0.18732827754100348,1.0,0
0.0,0.09444532205131334,0.9140542935074774,0.9462195938717637,0.0,1
0.6626445940665432,0.2720918538108938,0.3648280433843859,0.21114815469111142,0.9082343757689215,0
0.4693033663980497,0.056207442346360104,0.689972889549629,0.6634382595809851,0.0942604634925964,1
0.36259589153620636,0.1351030690232703,0.8879767636040896,0.8503252064749505,0.024123474206462506,1
0.7367449856663084,0.4254555956875403,0.34369381697463497,0.19512750922590386,0.8738028271989199,0
0.11745894700210449,0.016451843090010854,0.7127534452115899,0.8592567273847331,0.137940539760511,1
0.8022929456942446,0.7034100531738517,0.19348863369246272,0.034818459867069496,0.9258410750704419,0
0.3724696649761109,0.29891131083282896,0.9210549102297785,0.7035799928576756,0.0,1
0.7101277722115164,0.6888179985796615,0.35078357562896234,0.20279094223028726,0.6010291807533377,0
0.07414950893246655,0.16569729609684342,0.9951001438131336,0.8765878279480616,0.2945195074276933,1
0.7298589543360204,0.5045725648350263,0.5319329539981694,0.18882309090947147,0.9019059924434756,0
0.2548883835317365,0.021283643141574993,1.0,0.7015006874182985,0.04108878672188731,1
0.8900366723779933,0.7486635801761778,0.46725723868377034,0.2362551485372308,0.9330331085145951,0
0.13914102767602998,0.3397288694773112,1.0,0.9849362141386382,0.0,1
0.5377677994578407,0.8254724581151343,0.12391911880192238,0.30161782871149584,0.7931883173101643,0
0.375547569831549,0.21032475005713938,0.7914072326682244,0.9075343401956898,0.2103933546701907,1
0.651792123752051,0.45032919185224185,0.26975303135118717,0.2608559705776523,0.807466053077144,0
0.2260442263333556,0.018286808005341493,0.7356980687926271,0.7515826048751263,0.1480260501405925,1
0.3563413358832108,0.1951225319318508,0.8539447048240739,0.687394603908895,0.09612571050104571,1
0.48769438869243786,0.8013977233290704,0.3998010109859652,0.231710355889516,0.8564614289146275,0
0.23278211728430853,0.0297850473923911,0.8386871947484259,0.8961987189071842,0.04623542422201835,1
0.19194002507032393,0.20320061988219432,0.8534713748752562,0.7369975020466106,0.026097134197676716,1
0.10903165830181664,0.04759714091136204,0.9691899334413573,0.8646006187114552,0.0,1
0.5203183161116727,0.7395417120034631,0.36731813512699585,0.27232389141291596,0.8708003406378912,0
0.21752114189085123,0.2700261749738829,0.9002744807490815,1.0,0.051229462705125545,1
0.17151245066303292,0.28554428011054955,0.8971542380418206,0.7898719281298467,0.17826298263165183,1
0.24818660617184918,0.1406363811260829,0.9720821298813047,0.802263085267687,0.0,1
0.7934274898521247,0.6592873096312298,0.2243204911430539,0.29477169258102776,1.0,0
0.29218015019772525,0.0,0.7918217966607946,0.7321356938705897,0.2180128173741528,1
0.5168734525043466,0.6594797342632829,0.4573986763290033,0.09052969327332044,1.0,0
0.7348380545741505,0.42869481825166594,0.16769102065925015,0.21468337071893118,0.8346051358578026,0
0.8151152093729362,0.4772018460640368,0.36351718016819695,0.34553052085705105,0.6774367053397714,0
0.8462679600126626,0.6430630225226438,0.3148667457202111,0.1887562625359562,0.933557474527968,0
0.5199555389416335,0.7535318040938246,0.23507224549339928,0.1572646865809426,1.0,0
0.5768976522472434,0.541315045773247,0.13546012530431079,0.18921780129055676,0.9710223557781901,0
0.41300796330133027,0.46848726759168047,0.23108121819104321,0.06334633829269398,0.6590145348336703,0
0.5922333668121346,0.5224520031497368,0.16331213015845789,0.34694572005267366,0.9040218367870991,0
0.09959454031579898,0.04742473163597226,0.8659462506804129,0.870342791678731,0.02920890593259247,1
0.6631917825995693,0.11980603832139758,0.3594754341665286,0.3340620026504553,0.7648970211339529,0
0.20856871614033592,0.11671395956174888,0.7743236022984074,0.8279267838216526,0.2719040612841821,1
0.24632885301181062,0.43684030556667686,0.9021279905013815,0.8892067599731721,0.14958050210275708,1
0.6032320368092313,0.5796973031917383,0.3346503881730716,0.19709473226537053,0.9389323103362389,0
0.23338599665685347,0.0,0.9372197000072977,0.5613070129804327,0.08091277804468203,1
0.8916497343682637,0.6944267543267426,0.3028181157369128,0.27671266510114834,0.8910084588704275,0
0.3230874513154735,0.10820904542341094,0.9358014195302146,0.6429118542874088,0.0,1
0.6968647609053777,0.5631007545135369,0.35365098435704034,0.06968603237440549,1.0,0
0.7111142170629662,0.5495891551294778,0.32825799504882996,0.09970296716048466,0.7445709606749963,0
0.8463317690683538,0.5658031038359475,0.2629385667913894,0.22288763989574312,0.8290384867051317,0
0.6295788421097571,0.6597043255889654,0.4049552715319335,0.25884068862918475,0.8988868502648608,0
0.6330227571899468,0.577806766836184,0.310537550614596,0.3086693801475275,0.5602813472174379,0
0.2915390275560162,0.32611881248673735,0.915497558422169,0.7803078192003111,0.24273053642892164,1
0.29321915642603846,0.2588769654216672,0.8407055793386411,0.684288338128673,0.08043014688530986,1
0.1797019362604343,0.2718970789793663,0.7581873016583425,0.8079801484058734,0.19189148546583296,1
0.8856724467960192,0.4866128658025528,0.2343105721028604,0.22045196819708396,0.8104016505554376,0
0.7170276017876872,0.6855402001866507,0.3133540904782282,0.1093682536328166,0.5411289906814105,0
0.13921247393241823,0.21789312900592783,0.8350059280920891,0.7059601083515648,0.0438157900648301,1
0.6988041038025073,0.6916765615895105,0.2448141854107553,0.3300409525227682,0.7979243380858645,0
0.23295087355730093,0.1401154798760694,0.7557441994208123,0.8348595119860981,0.06267317540586859,1
0.6527096133039482,0.6424730595150303,0.2705050321707972,0.19646718140460773,0.7294936778360748,0
0.8107699869993115,0.8171384224130284,0.46839276914578687,0.24724850949493637,0.6957930303366413,0
0.12417179311124099,0.07877792363509489,1.0,0.9424495821246948,0.22809395766667276,1
0.2996570510579447,0.16455211977682407,0.8879153118726124,0.6643064430300425,0.1587262413464177,1
0.5490973927750447,0.5608994957198457,0.306447441481012,0.26686546719667276,0.799160597175643,0
0.04828263033283209,0.1935975389500046,1.0,0.7874825571616836,0.16445184916452915,1
0.41218431770514374,0.7808731312708116,0.2809317599236653,0.22081887310844558,0.7183828996828712,0
0.4361890770365328,0.6368499477854025,0.27231867001110793,0.44583474542205936,0.749888415353009,0
0.7320969866101332,0.7918007515177025,0.21494795457906996,0.3145215585950057,0.6143506366509054,0
0.1883770956878042,0.17525688459966235,0.946030479628147,0.8350370216386339,0.055145716347213866,1
0.49490944253087255,0.1986036289417637,0.8822974503617668,0.5295608368397224,0.1690472686121513,1
0.20858930062933306,0.0,0.7704442932059117,0.7519166210488021,0.05825696180105678,1
0.16480786821834909,0.3003419828428999,0.7949448068291513,0.8203235954586031,0.06943893858461966,1
0.20720368612837448,0.19961991873633161,0.6524512228782862,0.7410667768572639,0.08851977512409363,1
0.30114630354083566,0.06531490338746353,0.8996873590507597,0.9868817840543853,0.12106008392976418,1
0.7563547027518508,0.6596169893322764,0.3120031326718261,0.4043243528272189,0.9858419529409157,0
0.5810690751606483,0.8734591663176255,0.12392372408441821,0.3874438093170818,1.0,0
0.6536181436223177,0.5634883624360758,0.41727290192593647,0.1696821049319655,0.9311583771069092,0
0.6979754162893098,0.6367840402705367,0.33992231226052794,0.28231677141847816,0.8714536654034329,0
0.19379959906339683,0.09107283482106937,0.8987560297086719,0.8900533077331592,0.17979945496122363,1
0.5131391831932017,0.7731871213888528,0.33197819341425366,0.11540203197532514,0.5955238993110785,0
0.14608772968510214,0.13630045105575417,0.7066848185475287,0.743923909302014,0.14793609534294225,1
0.13626922529712054,0.14225565392740064,0.7109778074846537,0.6257778307364725,0.4076860370180504,1
0.089513720693748,0.19283166923752376,0.9796063061781396,0.775092815534696,0.153102609489421,1
0.6205359694349442,0.8160671633088492,0.27409578541792967,0.16724097793512804,0.732012738646548,0
0.1960692712372369,0.3781651836538843,0.9718194711754256,0.9284095793948117,0.19513062442994836,1
0.15918991608397795,0.18215932113392386,0.855166097685108,0.7367119725115209,0.042935956979988726,1
0.8004508823245057,0.4359830467347695,0.23486431062081708,0.2130389663956366,0.839523082299659,0
0.710284446220904,0.9559100638921227,0.3421920754235285,0.16536433450091265,0.8029424986540985,0
0.678643077246806,0.7992507132054442,0.4501333651955487,0.13732325310901947,0.9244598626818762,0
0.11515713658091854,0.0424687606950762,0.8174388947851496,0.6472832143410353,0.0,1
0.32000789564268617,0.13704827531365593,0.8836144963026229,0.7867830644355629,0.1421780074250871,1
0.2625630933646001,0.10840330720526413,0.883868731792169,0.7288026772741077,0.10355660740329936,1
0.6890756631014691,0.5750358384900806,0.27753668500029754,0.2701159655872839,0.7600021506148378,0
0.10634936252104041,0.12201896576229938,0.9450015828669646,0.5628340639141108,0.0,1
0.6905981354090241,0.601752788428734,0.33088330125989635,0.07269675317931185,0.6625712126778137,0
0.40565435648295417,0.09901933068091173,0.6668317752793973,0.9598538112096342,0.09468931983030894,1
0.1556955978871518,0.15726805243293412,0.6957198484790353,0.7264798965236754,0.20960699074773986,1
0.09103669626576116,0.19322629506341554,0.7688999136371155,0.6481089174909933,0.16373246830230725,1
0.2457686586053552,0.2526986263319732,0.7609682151980128,0.8197916667342076,0.14753656106920104,1
0.8187494040944403,0.5454279945693463,0.28559124442783845,0.39109323797462703,0.7419350446288399,0
0.15838055951147462,0.21820694900626314,0.9825432109095078,0.7884775767447803,0.0503468264518031,1
0.7977086876958697,0.7298272228704142,0.38949243769444414,0.33474216771504217,0.732186450075038,0
0.6644772089889986,0.6800603522923755,0.32789941622238017,0.26904996797790665,0.7900801078061267,0
0.236873314731752,0.051769641962268534,0.8376271053725164,0.912790899325357,0.012556435166008184,1
0.48666194356034886,0.41832706216149146,0.39325908318730896,0.3013085420097293,0.9289381830469703,0
0.17694753748197492,0.0,0.90913492417584,0.767593182479103,0.19488130964716202,1
0.06223824992457627,0.26590740649558975,0.9187065795858916,0.8700700612120584,0.08995242794282948,1
0.3532367724678116,0.032195913262361917,0.7184184183572493,0.7461952241509862,0.15925303073177616,1
0.7313295392507133,0.47791732694320954,0.17742343369976588,0.30136001065697166,0.858862395076815,0
0.7116052461471427,0.6005645234958806,0.24357524013426113,0.3688913371474643,0.7260315766400343,0
0.9219916208335038,0.24165302631514185,0.5558199285668253,0.32542913298135745,0.696540833890374,0
0.48462067732308406,0.5375066448211465,0.3609138120907177,0.4195051040430753,0.7269157153829672,0
0.008774502458022304,0.14086004424908855,0.8102804683854012,0.8323185482458206,0.2528747850540909,1
0.6007320302847418,0.9830948888925154,0.3568983079185275,0.3450307591973576,0.738944553060983,0
1.0,0.547756864713763,0.1853654606981312,0.35800480657146483,0.8820678672762815,0
0.8585683339328373,0.6093909227914015,0.14236078430157503,0.2801791899819466,0.7986049518292079,0
0.785633576603975,0.6922034934405237,0.17561367646087148,0.3607080669286973,0.6124388399045424,0
0.1936475425384645,0.164358793650516,0.810377032189824,0.7612638035447189,0.0,1
0.7536681040522425,0.5454553958961921,0.3125224502647907,0.2850630099273559,1.0,0
0.8233090239991735,0.599004556515829,0.43842728185105184,0.15006977677050892,0.6783713733184493,0
0.3848608833296412,0.135297457656915,0.8408155235665045,0.8608905356254632,0.1211396567470659,1
0.0,0.2605900424357309,0.8435922235851283,0.7392527712379693,0.1632454216642301,1
0.2968184660532861,0.0639614989220498,0.7872686554048697,0.7968796511060916,0.0,1
0.017939669945148284,0.10454522812565557,1.0,0.8107444374340893,0.07055442424119661,1
0.7445477009849779,0.7892412729626836,0.21530386516816719,0.5089563642018614,0.5535216783268749,0
0.6758071432500986,0.7326869806447402,0.4108182816737517,0.20172564778179675,0.6215882160699009,0
1.0,0.33321943530285536,0.21125078221979,0.17271223321763907,0.5992091300415128,0
0.3962587190530795,0.17837510236615012,0.7877965194445619,0.6626597111030251,0.09190826623373119,1
0.07967991446108556,0.0,0.7457422305329423,0.9159381043300523,0.0,1
0.984518947398092,0.9507985977165377,0.356390912005236,0.19952250787717826,0.6113633211628076,0
0.5787552571967273,0.8876786546896168,0.4826009713546936,0.16941299335038112,0.839042075987433,0
0.13932997052347035,0.25417246640588514,0.7526621161972965,0.8595490897639257,0.07224557436844485,1
0.07542826235536156,0.05372674347153876,0.8450970659161963,0.7977699716281947,0.07811337482643743,1
0.5984616999541061,0.8835564123319615,0.3494030186282739,0.1622017413243439,0.7012825266387115,0
0.21906355912650244,0.24515497705740427,0.8160877720729961,0.7944079551477787,0.15232231857370332,1
0.6946260941335072,0.7153854747528325,0.3076821891060255,0.27935579321666293,0.8132986386442157,0
0.0,0.13271982626035356,0.750485151814662,0.8025210867540082,0.26043391083085965,1
0.2820344012612456,0.34412174364637493,0.8517613251933657,0.8493560204334292,0.1249548189598077,1
0.6888331126350749,0.9492088622978366,0.4914031353866786,0.22476464978737123,0.8904781146623515,0
0.12904201452508274,0.21102161695892224,0.8830851304615578,0.8204758882401785,0.0,1
0.13743227125037877,0.1809998983165555,0.7206492374795904,0.7775681029121896,0.2193112945851028,1
0.5019650189469036,0.8633349379178308,0.5013387247526623,0.20636141094734314,0.5755206117364882,0
0.2083826627929361,0.19912076654119962,0.6521774750625189,0.8957791614472906,0.011267054114422886,1
0.6112642916746255,0.5542502756673046,0.29908810033557964,0.3008725023229934,0.7725205071919419,0
0.20382379949600285,0.023066950345330073,0.820251779912615,0.8572006278300474,0.040358859203112045,1
0.14296486335863196,0.1631927966771957,0.6610350707903847,0.8417680752239401,0.2119244917564096,1
0.2054934110999849,0.12933887203039532,0.833963991895517,0.7311114457424595,0.17662429750405095,1
0.12300039338025427,0.11698799060335496,0.8816358321536144,0.7542366750662385,0.17309589763762162,1
0.5926237706436327,0.011401205760100175,0.950163182520856,0.6642482460158066,0.0990155191349617,1
0.3205994516546816,0.10223544173959948,0.9015294321624467,0.7505034519631928,0.12402058439462231,1
0.08699306609596423,0.16261779036619672,0.7093184990502461,0.7615057111589919,0.0,1
0.5635918817807891,0.7442936714271992,0.418703030556038,0.10617220216826331,0.9176906431847036,0
0.09861040477074623,0.1817453261250175,0.8732786742940164,0.8749900239423711,0.0,1
0.2389614177370904,0.07162464788755715,1.0,0.8194842340270139,0.003384327662958292,1
0.23341764172448976,0.13168495289467053,1.0,0.5830322582274299,0.18080361894020716,1
0.27579218499236197,0.06679386951501433,0.7655058561406504,0.5501938982507061,0.11579743122514517,1
0.7166383884564799,0.2890235798670962,0.3436323669674032,0.3588748619704186,0.8275774317130543,0
0.6714491982874587,0.778168572253402,0.42083662305931424,0.16181253487722821,0.7580359747256249,0
0.9052947336298522,0.34536261904324506,0.1033643410623998,0.15806154084135765,0.8771382134026753,0
0.7882475809726864,0.7418360158456874,0.35079913269125435,0.17478435944094167,0.7622691670933257,0
0.587727019516517,0.7058043051540679,0.3927840128081237,0.19573262002659783,0.8407242966238473,0
0.6679829272432228,0.5438006089996364,0.2775234598107316,0.2927194361871685,0.7411981040121306,0
0.238632331781156,0.17289963924593402,0.9928857707813568,0.849298645851446,0.01317390384016677,1
0.5225112231001336,0.5389600946613603,0.33074066978091005,0.1270450405547583,0.8846908888840401,0
0.22531652380379813,0.21654168236917787,0.8725761523111755,0.7940173856470096,0.0005571478200207813,1
0.9030808561248118,0.6793427372866646,0.20283859614893485,0.40986471705047167,0.6494063941877752,0
0.8322459635424175,0.6553771677989062,0.42625841034271816,0.29319225446739405,0.5120490265703517,0
0.7709856436860316,0.601934920368373,0.20175126064616902,0.2035382702701607,0.5864064271324783,0
0.28953554307625995,0.05953856250062338,0.768698562773987,0.8759514887486108,0.16719446078144976,1
0.2902277173786647,0.06033577726847918,0.80688744304249,0.8243530204186345,0.07706176681445329,1
0.02961284131732811,0.24137716213855856,0.829747577293517,0.8681362326575306,0.18687725005907713,1
0.11627375689502997,0.309058207261785,0.8037060487974741,0.6417823236653873,0.047053303649299175,1
1.0,0.761958089586208,0.22140105394920503,0.25824397529345033,0.730339360653592,0
0.5313036862243196,0.6938300655327878,0.355623000940066,0.47313001461926324,1.0,0
0.7257052421784955,0.42405862906847636,0.254111573713106,0.4272251596669744,0.7386076342830344,0
0.17955287790138785,0.0,0.7025867867957893,0.7942482246994538,0.10978132930933074,1
0.04351972286379449,0.09985978531143633,0.8349757011201739,0.8306981072686238,0.21058330662947128,1
0.0902697472367156,0.3128468554772322,0.9328229690184623,0.802731337985144,0.15309756619640907,1
0.5444130768510315,1.0,0.5061503576636398,0.24734787407509398,0.7581555604502288,0
0.34558223221467665,0.31554071130882955,0.9394647187573872,0.6960193468973116,0.08941812425023021,1
0.055140858536645604,0.3202514658129606,0.9811983738573946,0.7295271564389116,0.07008182275725655,1
0.6779413927746791,0.6968429465073042,0.2662914028881961,0.28615035252061016,0.886280752415985,0
0.17211166058492436,0.16961314590239074,0.8100100937868863,0.7980126364631689,0.08416945219903363,1
0.23525049683568797,0.10881766310363426,0.8811109991143194,0.8850079332417554,0.006053675801401731,1
0.9947087699374584,0.7785445519735088,0.2861544016016226,0.24451059993837135,0.8113932901874131,0
0.3554160420714774,0.16847104747810832,0.8129417237599217,0.9453275476042545,0.0,1
0.48628777206798146,0.7641197337186318,0.5142270358611863,0.154056076327652,0.6036769401321332,0
0.5521410930496684,0.3996921151619112,0.3240753179488568,0.1594267699137381,0.7899232564925968,0
0.21057537912714805,0.02154157343000307,0.8691577396194089,0.8514062552424776,0.0,1
0.13479111114069392,0.08971793442160383,0.8464992389993764,0.8311652856004779,0.23890243629627617,1
0.21412571400874633,0.0,0.9192857584237436,0.8514883596076372,0.01779239881720726,1
0.4071868300716247,0.8661561451109244,0.1668767046442222,0.10424485005350695,0.8693091339877845,0
0.7535668857267619,0.5669424172198397,0.2650742295681571,0.3648637349428715,0.8901810123393673,0
0.7070470890647113,0.9056903725214598,0.3718953310665067,0.2869642192198094,0.7592517334510921,0
0.23676492929914217,0.22356219972457467,0.9512637409644071,0.8045491476330753,0.10812784220561988,1
0.2679142775438196,0.2478422112028035,0.7380453871616831,0.827834863464467,0.07686990570703006,1
0.7493126664489527,0.4800311261070417,0.32387891590265133,0.21329721609166777,0.7778329521773794,0
0.38093063497331103,0.23467707752164937,0.8003067974882021,0.8618886298023154,0.18139808601977414,1
0.6587422454272533,0.6756208829821578,0.4196631486645651,0.3093556722280862,0.9609467071649018,0
0.5019315080373585,0.6391410266964376,0.15599491174057054,0.3485729995679863,0.6757254462829632,0
0.13684222708346688,0.2672756845267445,0.9323279915677705,0.7708241367741463,0.13842020720058967,1
0.7921250050065137,0.514721539588146,0.46699045043514065,0.2302661579692674,0.6855070843732128,0
0.24583867035514845,0.030470623640075523,0.865776143929377,0.745395820118328,0.2360115900180313,1
0.06006938251980584,0.30232386217122587,0.6367404373845164,0.6140663228339943,0.13569727592669262,1
0.8218788733591297,0.890242784432789,0.2637559058596868,0.32368438970924335,0.8398043524099443,0
0.876916018108193,0.9264317982075054,0.2634678448687891,0.24116370407946647,0.7874843045314459,0
0.324689171553472,0.14975961590811462,0.7323826663445219,0.7404465064816141,0.10845051456928627,1
0.6826527576417639,0.7559608355830566,0.4078680833431296,0.416125921454787,0.7213867403098112,0
0.6222594672589529,1.0,0.5076747983560841,0.25616798498479715,0.45557285702941436,0
0.14942532957380633,0.22574951493374856,1.0,0.8844774375781701,0.1517994776391452,1
0.7746997436868174,0.49034055109230923,0.47117084801423437,0.22850789697112647,0.7177569055264099,0
0.754209340826262,0.6536836758379103,0.29530794211208156,0.3294264679621827,0.9448096226886756,0
0.20435146686434663,0.0,0.88216785413765,0.7410107682244392,0.10016190313569412,1
0.32571492168625726,0.3546862195719558,0.7763229864052378,0.8876169167191233,0.017646502937415057,1
0.17033925409302017,0.22719201548366752,0.8318496837864333,0.645688177205713,0.07149057429579861,1
0.26813595104429483,0.014455249688771071,0.8284390421431977,0.9195480650825479,0.0,1
0.1587002177856566,0.27769653860881877,0.8757198970355927,0.6515943335075665,0.08853591644936076,1
0.11956842403400077,0.15460027472532742,0.8488907996051398,0.7713205764261731,0.1668840130546218,1
0.7230587658918292,0.39977728472293944,0.3552489954417148,0.18222550294751483,0.8028721666123628,0
0.17260069181706958,0.20740712208940013,0.7077025074738327,0.8199423985986768,0.16197387847028688,1
0.9161909933599173,0.7915503870910952,0.4091310120594269,0.2543602446372454,0.8521514725307505,0
0.0832220448732065,0.273000057271915,0.7128256870736494,0.9025109152581774,0.08583514139898732,1
0.7225590679714311,1.0,0.3299292580406492,0.2780161158819607,0.6862256997949896,0
0.2372105472606863,0.27005316584738726,1.0,0.863366102477406,0.12094700836477726,1
0.6772322357446625,0.8167844309097808,0.11637946268967031,0.21907909229501366,0.9175085763923894,0
0.11815713340579986,0.2683493666889928,0.7064090476131473,0.7743659321627508,0.03916492353206624,1
0.7723708622864778,0.7478749122455837,0.14294993963768227,0.2824359281721603,1.0,0
0.059481015319642505,0.1757975981221181,0.8682501030599213,0.6923320872528986,0.09859010340933284,1
0.7968063924377721,0.8890093257849685,0.19551908059789663,0.45740826697499737,0.5703338746166418,0
0.8172734307665965,0.5954552860504659,0.30155790475814676,0.29283070972076486,1.0,0
0.2789056687375519,0.08878330828451791,0.8851479900352202,0.7862689034211121,0.27262265456356327,1
0.22553837556743173,0.0970667887551629,0.969459222051373,0.8318521004798874,0.12193023372004361,1
0.37473631979155586,0.35529720245016627,0.7888614752611371,0.8288728003009836,0.0,1
0.0991445315923792,0.04977829810732751,0.8435311394967482,0.782462154410131,0.18227827808340025,1
0.04140166877620416,0.012832630276953388,0.7968545448640785,0.7261942916338608,0.2393181257934906,1
0.5869395753463765,0.8683013703844924,0.38534155587803076,0.30467335682013796,0.8699537561669503,0
0.48547879330590504,1.0,0.209609235853521,0.23241141875676635,0.8479477738878466,0
0.14352259958290578,0.1163745261318928,0.9966540859278603,1.0,0.09426092969984576,1
0.6159728439704545,0.5467910543565252,0.39920423495365226,0.24393391861853791,0.6502909059028381,0
0.7031505762449138,0.3528879253926056,0.16881637676498404,0.16088077745847124,0.8632379915921684,0
0.15088462528578955,0.0583725899436275,0.6728931446911909,0.5978201360038053,0.0,1
0.7606076285221807,1.0,0.1960094072874469,0.15466713917412878,1.0,0
0.6498248146238577,0.5048512373693069,0.1776059733237743,0.2738368982734785,0.815653390628482,0
0.10480815399777645,0.20114995753618614,0.6434916953743679,0.8856702480242556,0.03426274460052757,1
0.8240774873554035,0.49443666248182494,0.27193249231332256,0.217767953078866,1.0,0
0.7486125954092192,0.66731795749458,0.23744372984904705,0.23998459235200473,0.9237647397001453,0
0.19358118228915022,0.1918205755887972,0.6888432640897172,0.8945869643684146,0.241418728833109,1
0.7880285640700405,0.9686373253278795,0.4633431532301096,0.43732977762175457,0.803369883921807,0
0.22640200813336703,0.11978194130173786,0.9862562852712452,0.6805477060233965,0.0,1
0.8076313383693943,0.2102388086759836,0.24169225614310613,0.23940516456958644,0.7738468613145747,0
0.6134644516506395,0.8717407161165815,0.22465821296538163,0.2485547729121721,0.955287400208563,0
0.7145493947489077,0.5465423099799256,0.3056649924897107,0.23687430329076953,0.865925184593034,0
0.7710388645952772,0.564623786010516,0.34535343015139797,0.35299608175811614,0.8887721200612068,0
0.048335745057920876,0.12573187231879665,0.7790211007766464,0.8191897735873036,0.10756949400050934,1
0.8071000741138138,0.7925996860344776,0.39407711879882157,0.3687679388461564,1.0,0
0.7439608709948021,1.0,0.4642015160136369,0.2838483843461691,0.610975285224113,0
0.17877910300988484,0.09646832874323409,0.925109945450731,0.7541361363898916,0.15667717261841796,1
0.11317072681236336,0.32349365758368087,0.6659922255494247,0.6980304680291144,0.09206115755942972,1
0.81384538307399,0.8706603764033043,0.42477420726737336,0.24094667176958393,0.8398817344478073,0
0.5496205953043286,0.5358507412501048,0.04089577078550899,0.1829379790923355,0.8391875796850784,0
0.7756069773276766,0.9387529208146519,0.5601683114180395,0.184623366135118,0.6926360016333872,0
0.27318707042882956,0.11692107756724426,0.972921478429705,0.741509234658223,0.03005047798323568,1
0.794251826389642,0.5936430782278985,0.35999287299962046,0.25188496229448476,0.9273653166114717,0
0.20852094496339013,0.13884911728570562,0.903762990294988,0.7121736747176534,0.026022883602703273,1
0.8624576864762915,0.5091312618914482,0.31222975030322836,0.31347214685617697,0.9079636913222273,0
0.5590180320508966,0.5116183860237511,0.3586364018755093,0.24707371863150215,0.7648388299525517,0
0.5741173715166041,0.5524787551855013,0.29744459290085545,0.3413584626233249,0.7285668689683011,0
0.5766669406650352,0.6401072580695134,0.31605739810498645,0.2371462488561069,0.9048242630303802,0
0.17585025541292212,0.16342964972477927,0.7271556168734237,0.7033412109014685,0.22024512479830724,1
0.21718393397935312,0.2828640828248231,0.866048962397348,0.7350173114502564,0.12460836153164088,1
0.22921927283263732,0.2005965553455865,0.6967299440110069,0.8295279940620869,0.03186197649304261,1
0.5928472872960447,0.6618436868028976,0.40098170893426344,0.22045985898609705,0.7075457887940784,0
0.33414759155308815,0.2749618905296667,0.956977145498385,0.8419705608357266,0.051152391988964034,1
0.7052895327957592,0.9158305060264863,0.17757017637106343,0.2785554074857657,0.9114023627539584,0
0.292427013953783,0.11043192882437361,0.7200783636554176,0.7762988029987372,0.16554038298502372,1
0.18154746423441506,0.1861417317273103,0.7709100618332446,0.8243123458512893,0.0746323922457619,1
0.7146514147823247,0.7817088545345661,0.25567177488084897,0.14090335697848017,0.6325213340077012,0
0.7486249528732662,0.6664567978550848,0.23904877978407169,0.22888697611723055,0.7162547369080955,0
0.7519672314245464,0.8753130059095515,0.08466098863962851,0.28257963165821665,1.0,0
0.6211367467478858,0.8588321754138144,0.23942850769966614,0.19075357408471058,0.7927021472644323,0
0.8308480955081017,0.5464777401927657,0.23309272613400833,0.19378319734216978,0.7460347031316372,0
0.8067422317133335,0.5884443530093999,0.43281941418490577,0.4232514999485092,0.9228166465632291,0
0.19511028165258945,0.0,0.8455106969877463,0.9220282896417717,0.015432689550588713,1
0.0,0.20055892418358745,0.9893454527524431,0.709932861748752,0.0,1
0.036952675628485976,0.10863843343703572,0.7220969263780214,0.9496710407445982,0.14345026460913057,1
0.714561632402206,0.6643132474438785,0.2928398740585936,0.1427860988014393,0.8490117146903481,0
0.23937972982162517,0.26218578562304706,0.8102320306385395,0.8154493665595252,0.1627606297561831,1
0.25731278132412005,0.3176393027208203,0.8335664794114609,0.6944910631823306,0.1486184791561939,1
0.7841176789552351,0.8598018451673779,0.2570594458874747,0.29891871301476636,0.7713644312409053,0
0.1464664912983777,0.08250659812094477,0.7084732808075812,0.7331654805153198,0.04817473611387976,1
0.29854496856152185,0.2601322957735762,0.8672254386411037,0.7517172409193082,0.08567410846358074,1
0.9034360042856234,0.5683849253956897,0.18803301053738558,0.22186724428817867,0.7125862013582628,0
0.0,0.328179890877106,0.8341846155627679,0.8558336423211705,0.09621069182831692,1
0.5527737023428073,0.7743619924434393,0.42130976999791836,0.17575294143019515,0.6369131091705796,0
0.4727213406702171,0.8181287097977449,0.2865982833327082,0.3155900776529761,0.6821020951047527,0
0.7512633963665739,0.7667856370651929,0.43017412893987983,0.16903964800783539,0.7654398928691349,0
0.28852314829889913,0.09755518637373481,1.0,0.7518234028906525,0.2184256645196173,1
0.24820667273353864,0.14460951509942607,0.8117182810387031,0.6872503901046961,0.23204140097838344,1
0.4698828743896566,0.6998767367421511,0.3455887772081607,0.31380511014407575,0.631618279063338,0
0.2597228218253385,0.10409096897810081,0.8873348559711398,0.7731354246690257,0.04344236321260097,1
0.24631847952675848,0.14624293550205186,0.7865714152310597,0.8002287936143504,0.04606949855367296,1
0.7276950787798456,0.3493714093763788,0.3125576453471542,0.2952371796249734,0.8365929796862751,0
0.22887236628250235,0.14358158387111808,0.7376505966760402,0.8553388983074427,0.08527947213144027,1
0.7782912348425346,0.6038130939582644,0.45945050632249723,0.3687386051564751,0.7845117859776429,0
0.174382024750462,0.2670198709196604,0.666885512166165,0.7401562419418953,0.09757671661303079,1
0.07582394245183757,0.14519114926692273,0.8179702195463358,0.9076848144657681,0.4112910201043841,1
0.28691545924968964,0.1966545311450127,0.9171531171729053,0.6218841585534367,0.2096547118230254,1
0.022375366653354822,0.25613709648731336,0.9013614464231096,0.6402127865505163,0.0,1
0.8136261565070957,1.0,0.3394671529822981,0.23487267163464884,0.8056906753171403,0
0.012344729395812604,0.0793107432012651,0.7676064513028,0.6499778138553064,0.07840394796497678,1
0.5865473882073544,0.6492794921818863,0.32246847257518857,0.34531250453760864,0.717566429613713,0
0.19685608296252238,0.029297835214278437,0.8507880184694728,0.9206608154863916,0.08498830487461935,1
0.4925800403553495,0.7645165562712317,0.3592526949201183,0.1755097355193551,0.8510076941853336,0
0.6648794564576229,0.5525749232470608,0.33934853854217495,0.20467719506727247,0.8319940561059408,0
0.21941076309533578,0.052027877528319305,0.8304609648822976,0.8680220360476691,0.08584742466330518,1
0.17450442064463023,0.010288181488700865,0.6752363490171738,0.8198680009547408,0.006440370123757408,1
0.14611581438072618,0.22760279138434752,0.9320158186755484,0.7033753680246746,0.0,1
0.06489256337919788,0.25826910538870734,0.900024046943657,0.7511726157548456,0.16577631761503736,1
0.15757636666019564,0.2069760357198647,0.836993970644638,0.9071929865211797,0.0,1
0.11201856464979458,0.3411419087139723,0.8645063745959382,0.8504483256383017,0.14734074157124666,1
0.1763444712781054,0.11236992750750038,0.826049807797825,0.6666871645222194,0.20600897399086657,1
0.4608358511808449,0.7237346617745802,0.19530890173180604,0.31969544045107356,0.6917393669994121,0
0.9467451570251925,0.5607633133570441,0.22151016869177598,0.24812912435541026,0.8455727893407314,0
0.6668545600700165,0.9380234430898946,0.3588578404420609,0.2589580681255249,0.9330936255900113,0
0.17125524805996445,0.3771449745422796,0.8929340822801735,0.9080056059139311,0.1670911248276875,1
0.6154413170794037,0.6072022311548982,0.3170416222375488,0.22918831427274602,0.700951829078983,0
0.22147131831705263,0.2884532047593906,0.8962483624066854,0.715567596281693,0.12385549537737392,1
0.6229199623994959,0.6408827967289005,0.42382830714336356,0.3626050250772168,0.6824351501620406,0
0.680812361277885,0.8071600317301665,0.37223813578277715,0.1528343265458714,0.7091208768861661,0
0.8220275826054504,0.39200782005178925,0.3597400069849858,0.4562524919243145,0.6141339386519149,0
0.8452967485799333,0.5544685106469767,0.2962777763490158,0.0,0.8450711539416242,0
0.7813840065378946,0.48380997671779247,0.2464764788439432,0.39775300810552616,0.9406355206439838,0
0.08691115646740843,0.15344410117058413,0.7448690088360655,0.8802128458618119,0.04490181964617505,1
0.34033699701251907,0.0,0.7665676954508418,0.711924591039727,0.033281091522249465,1
0.7321140616195305,0.43378733448002055,0.23986323560487863,0.3371297297457244,1.0,0
0.5514195512303968,0.4520790359482838,0.33026354652390333,0.20526781043412487,0.6228780777036733,0
0.5979962917632263,0.5962222618890339,0.23610382523104978,0.2694384301577336,0.8031329732443944,0
0.28760467925297944,0.3772434720446882,0.8560085994615163,0.7446910183085869,0.05402353841695237,1
0.2951449277058087,0.04078363672819102,0.9681891092959961,0.9699435983008711,0.19235086160473688,1
0.0848985916380493,0.07668438028900033,0.8678476663885389,1.0,0.0,1
0.8445064193866483,0.5074308434645671,0.402257043200964,0.37969945465611094,1.0,0
0.24097627959594975,0.1360602799336766,1.0,0.8307676653401115,0.13562527887060838,1
0.23350580290841177,0.07198008708825372,0.9103094684948834,0.7521241428478311,0.0,1
1.0,0.5774322879120682,0.3486501643826202,0.184999741917654,1.0,0
0.034511256377170396,0.04894017800710865,0.8742882013150275,0.7966074774072092,0.15648423586001226,1
0.25522999376795236,0.140337632998511,0.8357853463059454,0.8986376505905938,0.014383015933824989,1
0.12811676123912696,0.08926455667877886,1.0,0.9369701107654185,0.2663732832143474,1
0.5178717080818401,0.9406768954235403,0.10245334336461284,0.2941940649569409,0.9003112483388769,0
0.25987943895619103,0.18889787293521837,0.9192855755817811,0.9629642131112799,0.1055863939844497,1
0.19468793469824547,0.0,1.0,0.9678674673372567,0.09940452907872707,1
0.2918454443942414,0.16704637709965708,0.768759765106258,0.7778486737047876,0.06966499325228659,1
0.17003233519932132,0.1702328796422802,0.8820785725932684,0.6462415203550825,0.18089192693927195,1
0.067754204325643,0.10288753481821214,0.7966399693560833,0.8633326826071239,0.09304677137577307,1
0.8349399813149876,0.642088969228669,0.39190764829877683,0.21809460643333817,0.8627597331333026,0
0.14076440443479465,0.07646965393180476,0.8318550930752483,0.8324458604352517,0.17228268949855122,1
0.7130570602357257,0.6971229116217132,0.14434181013402486,0.08848681840944905,0.8923656724656712,0
0.1993478684770542,0.02905230645811946,0.8895819781095923,0.6469538590256624,0.048762575932330646,1
0.0,0.2950927548279212,0.7402631681028933,0.6907878799651433,0.0,1
0.30715431522348857,0.19430021304473752,0.8766818396295402,0.7611756946478462,0.0,1
0.6324901792781135,0.6882198136039807,0.39960476858058164,0.23926978559957712,1.0,0
0.1957176618688425,0.1405541285557997,1.0,0.7886519354117859,0.15457867135323555,1
0.11999614356023536,0.0,0.9739584006441562,0.913955553602547,0.05403432277270031,1
0.662655377728139,0.6765939348293752,0.2635047270457115,0.14272569742601934,0.7655913883897959,0
0.6156568706138541,0.8010782451651512,0.31979107834626475,0.23782524916167164,0.7709260791840795,0
0.6099041965121792,0.7019445003442963,0.3613517972730417,0.2011150578213726,0.8314489122911939,0
0.7577976069593255,0.588090712137202,0.3440474737960399,0.4438928999058285,0.7007026733305087,0
0.24329598253606963,0.0,0.8813132140013155,0.7584899711036631,0.158431416643531,1
0.3070382343865383,0.8158811162366979,0.399626681944714,0.2966429982433526,0.7073522156848475,0
0.8238124523482044,0.9393955768707466,0.4390207549017313,0.4112220628255424,0.8345106138787104,0
0.24200944904518415,0.16904238899250576,0.8302062271015318,0.7218843621868887,0.0,1
0.7484077840507134,0.5395553911438058,0.1521088431225871,0.2788693629279857,0.533564715065252,0
0.17829829495756297,0.09134687304360645,0.9379417041137403,0.6384113212589527,0.0,1
0.17941405691196596,0.12843323624523675,0.9501824853681937,0.7867863411098454,0.10151829425404332,1
0.3832557043479202,0.11385372333060143,0.7235501593045034,0.759069152590428,0.130734561670797,1
0.1303228181570425,0.05542539393032188,0.9529457481598357,0.6457196781757101,0.16523061516102305,1
0.6204613572441339,0.6335697643214863,0.3565509645631544,0.19043387059565078,0.9023078098568931,0
0.14835703561124283,0.17314459225255724,0.916470274533311,0.6878756259905608,0.20294131009553262,1
0.22413219349167812,0.19413071516992458,0.6322934953557144,0.816429476537057,0.11386451837100846,1
0.8286489434803028,0.5225225745386964,0.3541462728204788,0.130636316824352,0.9025353984800717,0
0.2732492102779802,0.11386894380327095,1.0,0.7154846041573841,0.12867741123825863,1
0.6239585236943305,0.7264819492368102,0.41906462747863416,0.2592844901141115,0.721094773599863,0
0.5927044436110047,0.5420480639381278,0.39638791167949095,0.28672873134013405,0.5200190072959077,0
0.2848430882205285,0.06361170394102338,0.9759233239786799,0.9234751914044795,0.09918867983882498,1
0.15826331863949156,0.15589842215895974,1.0,0.7190619178917246,0.17424589135926205,1
0.2668654804757907,0.17078025073533135,0.9048319627554499,0.6050438282245634,0.06243663342344644,1
0.757609817340896,0.3939391202658211,0.3662881268667413,0.2808050539504102,1.0,0
0.7122811209079484,0.6386108752557865,0.5145149127773389,0.20645136294301566,0.7629461448881005,0
0.8432713480751857,0.7204110793028594,0.4702214944635238,0.37619215007139917,0.6752266687654334,0
0.7549897369145272,0.34489496581505225,0.24713833182502432,0.28771003939021866,0.8441336193520241,0
0.8233817368154783,0.5196327784395682,0.25168135377006257,0.20339634981317578,0.959031486124832,0
0.6301405369644615,0.6399523781101726,0.31975996046923993,0.2306340540720282,0.6855912832150679,0
0.7936179725578232,0.5659626365808286,0.17903052571588923,0.2401411867715738,0.9043306636348667,0
0.6304873460781306,0.7040913651559678,0.43173940656343257,0.1358310885866495,0.5588660203446539,0
0.6292102201315849,0.6841730876255884,0.2814712341122292,0.15645612979554047,0.7025940442517862,0
0.8737166310250102,0.9659144291461426,0.20606646061812456,0.14096009225571537,0.6362448685791029,0
0.6508506780103347,0.7167324210573897,0.30519458858072995,0.3403934841086195,0.6291750323328846,0
0.13756546102867762,0.07703975301925904,0.9282130001531459,0.7937360422672766,0.0,1
0.7772571529459071,0.23361411842325558,0.15973947282003062,0.23673662536174264,0.7530412954215269,0
0.6022599478591274,0.3094832791524319,0.5579709337654318,0.21968202171657245,0.9338896007448965,0
0.09674760964724605,0.19734718990352285,0.8376267319900244,0.8891303686869756,0.0,1
0.29758167193447094,0.1157450799142235,0.9178946987762233,0.8516946515748371,0.12166831189642863,1
0.6673478195159169,0.6126256711677283,0.2974973041254856,0.20169389483165606,0.7518998561664213,0
0.17049100857620939,0.1946872500802698,1.0,0.8956703186385659,0.036241245792403606,1
0.2697903272539028,0.28183023248526695,0.9264029781572859,0.9798725018351313,0.026703110087624105,1
0.18832340842047535,0.03181258745791987,0.7506137325165146,0.8044358797515607,0.17564883543160986,1
0.0037374308327420835,0.07475647626469649,0.8572874098015515,0.8491505647246784,0.003734898808102377,1
0.7515427434352692,0.7242291746742617,0.4476540349725896,0.32660802783846904,0.7508157925230624,0
0.7149477047631462,0.6611449824577389,0.29358616534070076,0.2567855510527403,0.9073071973161867,0
0.6516907725691486,0.6646635934376808,0.17723921848630075,0.2923599065593461,1.0,0
0.1486803635486604,0.13343685896823676,0.8348700779767477,0.871587274469096,0.33436540528126246,1
0.27567886799869823,0.23929538701087694,0.9775390737999015,0.7583374694384538,0.0,1
0.09579555877568971,0.23764556455029356,0.732776624656336,0.8973101561015072,0.002150045413339366,1
0.753552322894757,0.43378869191834757,0.3081829358547565,0.2713196628237689,0.6754333390165153,0
0.16705522136529088,0.03963301714696307,0.8678694716810476,0.7153640280113027,0.2471034690817104,1
0.17559195263257987,0.2212322159580162,0.9339468504518404,0.8263550811954785,0.12430917276606988,1
0.23240570282215608,0.21954024745502987,0.808777925497553,0.6063247297497536,0.2748137069120835,1
0.5285544553254065,0.6130195727114022,0.4364140429973844,0.2679581781939598,0.8731808427306611,0
0.6910711965907299,0.6744019629290723,0.30760053914124114,0.3242127491071892,0.8606442132442547,0
0.8120940407684892,0.6692241553881967,0.2825040243304591,0.17915932330895373,0.7424043092071473,0
0.9216841067112274,0.776556373221257,0.2678364948782617,0.14841781810216031,0.5834217775799688,0
0.6804785418448472,0.8630960750130703,0.2813028697014554,0.1512820472848816,0.6349768650542458,0
0.5686572619922864,0.5357642020434407,0.40240625258114626,0.23369330360562363,0.9185557844077568,0
0.11133190777165428,0.16777501062680314,1.0,0.8032407013340137,0.09636693919576583,1
0.20580227348083954,0.1919609972024118,0.7020555776860276,0.8221558473624211,0.0,1
0.5772668975149791,1.0,0.2929501221940909,0.22751440181919214,0.8686659299227829,0
0.012007561486095497,0.07905589975724533,0.6932140574634544,0.8181251162602051,0.18393491142316024,1
0.8431002645239802,0.54101618263821,0.22815927344308023,0.032733045398596367,0.9323499593485114,0
0.2215396505456288,0.14243343956741697,0.6591997862876692,0.7467274501783097,0.0875978612610003,1
0.15335046207718023,0.08858774349916837,0.9730222175650788,0.8223153054747697,0.07943721463567524,1
0.27774073527645116,0.024486462802660508,0.7665718189965375,0.7502427501690787,0.22531328247682436,1
0.3472670675750982,0.2389037122279892,0.888831200542345,0.8695863839093786,0.15433908278718098,1
0.6065950720269109,0.31780781329680174,0.08471094070475169,0.3840450446023145,1.0,0
0.24692675898085265,0.030321135357368828,1.0,1.0,0.020386319681350462,1
0.30909804251859674,0.19254448641841723,0.9952616745486179,0.690979159320057,0.0,1
0.9530712452608847,0.6058071652340672,0.1474343685429905,0.18585184047770476,0.8038082630813616,0
0.28141517621182666,0.19164460381014525,0.6706893547465422,0.9005924511796417,0.07522475817602908,1
0.9448616955897452,0.6430023019006077,0.28887739386512995,0.46709427174978135,0.5332118623990225,0
0.2582026567084727,0.21082461916849685,0.937231538002845,0.7839368880474507,0.0,1
0.4012270445700765,0.1722289855800854,0.758367908092658,0.701446039927907,0.16662696720435233,1
0.5383382833106041,0.7195163410723342,0.28529979983715115,0.33080577982811454,0.7099364651391943,0
0.701950283781686,0.42788483090683427,0.13070431858046144,0.37171585208254965,0.5588508459322913,0
0.8958218210731493,0.856368907893727,0.30103526198433805,0.22314693520941675,0.8998886378081692,0
0.3898836849940185,0.7800402355917322,0.31810215587037066,0.27691269412451075,0.6061605957341573,0
0.6271954678256344,0.5772775575572289,0.21646529467402426,0.32094518171390396,1.0,0
0.7261866719247758,0.40106905933771664,0.19465844368263435,0.41246784584695606,0.8957587888412575,0
0.47822170144488585,0.15567109997454215,0.28273727000591803,0.18977879396382194,0.67663701014267,0
0.2547264797377967,0.28257966475421903,0.7623226218788155,0.6594436946143714,0.20578141808207961,1
0.3562888768508198,0.3089838978180684,0.9536087651046256,0.8754733298067809,0.15878558881377353,1
0.1512797078805073,0.0,0.8964369863546574,0.7220907260623299,0.3755217743719902,1
0.7710749381367681,0.6451749825779993,0.5252435805344309,0.38175975356079594,0.7523427354865649,0
0.6150553405595842,0.6248426159800704,0.22457241499806418,0.37810163617351134,0.9671482542003309,0
0.6548344456616066,0.9383137241315801,0.2961491530499293,0.20429037434137282,0.8228532308050583,0
0.23011073391917422,0.26373145423647293,0.7484121173010021,0.7207476552884788,0.1739180494701568,1
0.7173511951439288,0.6873218246312717,0.3268592278863257,0.1879152401748884,0.8510883824600746,0
0.8703348460270898,0.6306573776259216,0.23070948022040927,0.23796188360464018,0.890677298953305,0
0.11523660713809153,0.1400905699758731,0.7510042207447986,0.8381309612264785,0.07743436192877484,1
0.23868085206892029,0.1685175536829914,0.9565171965714386,0.8243657223702715,0.0007133998914454487,1
0.2257752540142751,0.23155010224442626,0.6422188180143803,0.7194828248257124,0.17114105794654952,1
0.32723535001067683,0.0,1.0,0.8285803286794733,0.1887079776446287,1
0.20033755065971612,0.17043890316029767,0.8623078201656181,0.8448635764514528,0.1360164183945767,1
0.2955300558237753,0.1402084753557096,0.9260846654311478,0.7438442253669375,0.21223742187031597,1
0.22956244887470953,0.22060789138151315,0.7885676855903705,0.894118186641997,0.019362307088195016,1
0.7090345314911539,0.7059937252639641,0.38700677306887543,0.3383109777147159,0.8061378763093582,0
0.6827895337799651,0.3940846066528597,0.2796419639897638,0.23311782768099892,0.8876619470708726,0
0.5413433606566149,0.40779676004750864,0.3647195939702741,0.23523974137013312,0.8758205238749941,0
0.7917514433261301,0.7008841686602426,0.3260673765823907,0.167311964596014,0.7544410956835004,0
0.13931348221428247,0.17125740306322149,0.6656206416519254,0.7333151283048437,0.014761323392589648,1
0.16403703275475376,0.03466494894040405,0.7506641300418049,0.7015345215152737,0.0,1
0.5537977494659018,0.5352675986239528,0.05005942851264267,0.38171150673398657,0.6332813064594452,0
0.5796584096167572,0.9211275717609901,0.2860410371844826,0.17008079933497464,0.9688152176622155,0
0.6981629840729627,0.3811098977931446,0.45307508323436974,0.32082144232565574,0.7559049578503727,0
0.8180626905613677,0.5406282117519216,0.5290942572590742,0.23819314730089214,0.8369757167648008,0
0.26124687940136027,0.3329620201716087,0.8348285566422771,0.7936876986888752,0.05170901605394823,1
0.6115952864583682,0.7043157674390748,0.29939290884601066,0.23398672044333596,0.8127977213847537,0
0.5007720926652354,0.8512585618428882,0.3224451818559972,0.1330083164289712,0.7961638531712009,0
0.5984257432731832,0.4964404869791743,0.4490726136849952,0.2787124165201824,0.7464456198790086,0
0.09833168714235029,0.10903134073705026,0.9033359244705449,0.8395798848709748,0.09172849761035068,1
0.07038833357501056,0.1288333018068823,0.7614751313875777,0.818568858041874,0.03493401726316163,1
1.0,0.6467154207854496,0.2394384460263136,0.08165618077790496,0.7379802258315087,0
0.11485935657396865,0.20517407999109205,0.6283181160645935,0.7911908755970927,0.01021699335743706,1
0.3987275999230808,0.04393949336033989,0.8586697699414396,0.8544220352340347,0.0,1
0.21814266201139715,0.12119611260779235,0.9803278037316063,0.8605606232631313,0.08297417532040946,1
0.5920233687407936,0.4906209489059047,0.3883659937486672,0.2968774256075024,0.9681546000986707,0
0.49298478126776624,0.7916712894598708,0.4607345576019993,0.2967693171765433,0.923907075716226,0
1.0,0.7115603537784119,0.1812401580970487,0.3013105798176083,0.7462489771968167,0
0.2622069990306049,0.11276809470620772,0.9433128072341069,0.4992367660306243,0.11263141994832003,1
0.8220264454000957,0.6893109553023149,0.35578103063518624,0.3396839315865532,0.8746614633637092,0
0.2015618333949603,0.13893346314426705,0.9282873734948572,0.7485217325085258,0.0,1
0.2595029465835565,0.29185313451480366,0.9086165800392783,0.8508608373233443,0.07343954397138949,1
0.5406544429410842,0.6183984202842021,0.4613711269058647,0.1856450167682538,0.900929185395023,0
0.2389159195667929,0.1640359869848047,0.9831339061988403,0.7301800325388951,0.0015465949518031902,1
0.08103333409096387,0.2570610559979186,0.8500682818957482,0.8886191188584796,0.23116934492726612,1
0.25706129972195313,0.0,0.9680640912452144,0.7136506395035066,0.004122154381322518,1
0.21972922656312066,0.0,0.8264030012789028,0.9070365160229931,0.13863826538480611,1
0.3431366781831183,0.0,0.8184913268805891,0.7504121827989851,0.08018043236202801,1
0.9747188148781529,0.8838591180891346,0.3136535331082737,0.2390390196074169,0.7024964098389653,0
0.18131038418380152,0.11123000835914387,0.822000669812552,0.8480744579767985,0.06143273690221518,1
0.6247364434623195,0.6996441172600673,0.34300416471910694,0.3193105607263144,0.6168931361128762,0
0.15483405238403775,0.16480894197982762,0.6531076857583916,0.9035443416416945,0.12949714557088216,1
0.48047275778018217,0.5479967202290505,0.29192834198914175,0.14902692952900626,0.788635357019681,0
0.20774805185188627,0.34351540400602293,0.8528457581183159,0.967737708780549,0.09510349691415498,1
0.2854525227066616,0.0,0.8864140296054661,0.7782868925053797,0.3154928677383142,1
1.0,0.9892912736580077,0.47495767431869396,0.15254706953293584,0.7998937108135031,0
0.6534599865109816,0.8279261591246875,0.26947752956453325,0.17808466807575798,0.7074120220179616,0
0.9648181360421645,0.5276964394016104,0.32337859117907475,0.26895816165987435,0.771631941383445,0
0.5714263665375576,0.42418964575655416,0.43920022863445995,0.24758043936090837,0.7463831865784359,0
0.8019396623402013,0.49433905491953745,0.5210523001591352,0.43381836767951226,0.9511270534755384,0
0.8633425895451049,0.6132033327294641,0.2870179300266574,0.3585982116175032,0.9981956048409518,0
0.8737893368511106,0.6434493459568004,0.16104275332364038,0.037814510099140525,0.8747332622745179,0
0.7452321013500418,0.6758442363950455,0.3364961002466225,0.5693107567844862,0.7230179650292623,0
0.5552614809129843,0.5382156305456823,0.5056207129940322,0.0,0.8858086162571217,0
0.7950878533477016,0.7445194964826086,0.46391168054440673,0.0883689391563412,0.9096146178599787,0
0.2311308673442885,0.2994938227453236,0.9244185710315034,0.9271892421938657,0.18377642215465892,1
0.0,0.0,0.8924393937861013,0.869616799715929,0.13440539215634667,1
0.4580926193215522,0.798652818804543,0.3413799097451498,0.31153674840130535,0.7728163740172846,0
0.610093746556934,0.5713322375345279,0.3536652752527286,0.21661805102439902,0.8265231308209098,0
0.06316849611671896,0.15522584904974832,0.8847561613803552,0.9294985584816956,0.0,1
0.0,0.20723903111756758,0.9581984809249942,0.9356583385827982,0.14892545350763275,1
0.19313659539145314,0.14191215021345385,0.7397730259544144,0.9283816859853562,0.09189540352782563,1
0.046442787679289416,0.2393697689389111,0.8764775310977979,0.728395656372416,0.004993650253387286,1
0.3096469233810884,0.13141542478072527,0.8571253749910892,0.9311167497802625,0.08117386649136935,1
0.7137641164803253,0.3542827508440317,0.4500759790634311,0.17654084232019507,0.7790830586478501,0
0.16686916168166774,0.10863944665783556,0.8545222708999982,0.8018016872044447,0.0,1
0.5654118442771252,0.46626961070316036,0.4218761851697317,0.27332161312635017,0.78926011222129,0
0.6866319940730817,0.6301648272441235,0.17031680520441533,0.21568077245025896,0.9034561707867792,0
0.13644421585955968,0.1949473912832307,0.8920191542894992,0.6254292567140348,0.0,1
0.26197114459661364,0.23555556590207122,0.7780890548550814,0.7221162957179565,0.1937477492506925,1
0.08623143295751834,0.12168611032562328,0.8611372601840053,0.7222628515154094,0.0,1
0.12658262012215044,0.13057308680214808,0.7514196191332173,0.7757301252174719,0.2146027575013415,1
0.14687857053924017,0.03466675967942548,0.8048050628088123,0.8307403569719689,0.05242045559950989,1
0.7938501021647508,0.794334412808647,0.31798941511534784,0.2903730090336609,0.7714941447497758,0
0.4088442772869925,0.2697246923645228,0.8464174421293537,0.8393307050005324,0.07689305225423197,1
0.7619171390404746,0.6712860455383793,0.5439752406339273,0.24771319377011178,0.6477358712258198,0
0.13877632654922498,0.33876876573401904,0.8551197901881085,0.8472630345843406,0.14129989121377975,1
0.5848978655667926,1.0,0.27906763228481335,0.3895683810789956,1.0,0
0.24736320768114545,0.0,0.9997431683179626,0.8862223511886977,0.11680153405325286,1
0.7770678926368313,1.0,0.23370990824490517,0.43998819348952156,0.8533420023178491,0
0.7389824191372635,0.6008513871828112,0.282692817571613,0.143760647185312,0.7665196618047793,0
0.2606850593215671,0.19492187212850343,1.0,0.7740199859232488,0.17638603516334228,1
0.48815444479970627,0.8002774246743578,0.34241659464019164,0.43540925663341884,0.6141112407719792,0
1.0,0.42490219054032474,0.3495681887972605,0.2422162802987198,0.6496718816327791,0
0.21998104337187135,0.28863493972628435,0.7450344501090058,0.9053891552295884,0.0,1
0.854869789082672,0.860728359321568,0.3374056569847572,0.0669367103143543,0.7981866578230918,0
0.3699957374576381,0.15413256322706184,0.8921546083536561,0.7889187439720913,0.032076934680704494,1
0.08880329742258364,0.33180619225578245,0.8786955854301709,0.8113140457053023,0.07784634024162619,1
0.0,0.36650560678066024,0.8801700008901735,0.8157127918990942,0.1993782214530439,1
0.5740417236728835,1.0,0.36779258713392693,0.34648516330974577,0.6554361610684084,0
0.9299108369503866,0.3468511770005536,0.35792914996010883,0.3310808273159782,0.5970994571234699,0
0.3244679580736787,0.0,0.8438996028144616,0.737011544763619,0.12656169931725336,1
0.5398569355926108,0.3780287718040162,0.15781893332581562,0.09291238479315006,0.6050628144608604,0
0.9324901607526308,0.3190286656268461,0.3964087168288357,0.20963515367580032,0.7139597340654649,0
0.35730197252148566,0.17981584659905256,0.882910677871013,0.8210668465203111,0.07437191757484277,1
0.2848174212666668,0.11100762934405546,0.9231380252574992,0.7702623920756894,0.035833317986961766,1
0.1954487754698758,0.19914294527201998,0.7943881253239219,0.8487305237044995,0.060812323461313364,1
0.7279681472154141,0.8465381967891028,0.24464117582920053,0.14321970784208068,0.6569090870905033,0
0.15444604739761295,0.2846225756202748,1.0,0.5769531980875542,0.0,1
0.8580703078052354,0.36830774072728806,0.3543298029036388,0.3609699841956223,0.6060090563193254,0
0.14504597254044652,0.14996863273882252,0.9310798645591709,0.7535418921884383,0.05805652473414494,1
0.5761754204811232,0.9601000985628154,0.238659733645906,0.13562737926793383,0.8750998582071815,0
0.7421487801602549,0.6359668577082707,0.18966333938261262,0.28191745104191807,0.7103734707962538,0
0.13646376111743708,0.3149480894323921,1.0,0.9351072892413139,0.263506639452752,1
0.6422376579375525,0.6188645529215842,0.3395803533437409,0.2296326249823034,0.6699304676433651,0
0.7737878757259758,0.7514548062214595,0.2322284630247894,0.2506422269810938,0.6605733709711386,0
0.6100911031833967,0.5438262454159359,0.25120885918542973,0.41155828235482317,0.6564273627657436,0
0.2211283692279473,0.20835443030118878,0.9507133336473159,0.741010524353711,0.2291273839015879,1
0.871423422177253,0.7462018463473427,0.32010990467149675,0.20736424037944567,0.41564995118070347,0
0.30213832954293984,0.19254899332402303,0.7388419750486448,0.7895657207013108,0.14105500853276165,1
0.20953441994413083,0.2475312458477979,0.9691707497107065,0.9813407698515424,0.1861436525632805,1
0.7386325586084146,0.2942559502191443,0.23762310393041947,0.2823079273116029,0.7507072286376524,0
0.6721511535004274,1.0,0.01514573793699242,0.17527883208521766,0.7793942317400906,0
0.22806364044901364,0.1734024454353148,0.7684624371683879,0.7611653061698842,0.04336054087852768,1
0.8679362367151865,0.8020829312288595,0.25625416996765893,0.2907052287124535,0.9039377934547417,0
0.9633011263664806,0.44469694011778793,0.4072507337309802,0.3247910256117534,0.975438498864166,0
0.4218780233448134,0.20027844268951941,0.7531954241489754,0.5936596847520546,0.23508523306990056,1
0.6309041843560318,0.765414425436108,0.365232287841342,0.15016145608117085,0.8000310597377296,0
0.7007670184963691,0.5611413479847777,0.3916327674702481,0.2520793707675408,0.5669361850975905,0
0.7036765261388414,0.6146105545011902,0.2827053940076577,0.13942953315140644,0.7766152733094999,0
0.12820811092523982,0.15785770297191498,0.7104210797807514,0.822703447886489,0.18707466445884033,1
0.821929317825844,0.6556636752260923,0.3267392314071903,0.3576007138598598,0.8975675138804209,0
0.0767476685231491,0.16580534899201319,0.9090422061251463,0.7753616597485452,0.2665351917623531,1
0.2510792088527595,0.0,0.8944773807831594,0.8086110868258979,0.10455638811418984,1
0.8425635757279075,0.7681309661384619,0.3032004149065767,0.20261606529290838,0.933529761668718,0
0.28451579711843217,0.059593171026399966,0.8769294752580734,0.7892735234189059,0.08161461068407903,1
0.6836859777314713,0.9595010402660124,0.3119580368414153,0.3293488720552213,0.5716461220673164,0
0.23829889847409286,0.16390603986534175,0.9349611988516213,0.8585299436516338,0.16359677507117382,1
0.32230830670953253,0.16752867789339237,0.7891773492555241,0.7419983667346316,0.034431228053855636,1
0.24148655003619107,0.15124993219072502,0.7785319323009567,0.6158102227042143,0.15188711804401223,1
0.6097440081655904,0.7777184917554748,0.2742623462576655,0.2640886246911204,0.9210683894955966,0
0.2704506539824723,0.10164385161534628,0.7127140548518935,0.7392353654626528,0.054636361240831724,1
0.5787259595660218,0.6863732510116991,0.3381935452231553,0.29288165003305733,0.7174194725762625,0
0.3135620147182944,0.15188190497405984,0.9616833775529954,0.6448487750941071,0.0948477071475354,1
0.24632062920991232,0.034563733176701555,0.9692735165416414,0.7567226116411612,0.1718417423471641,1
0.317972520836071,0.19581681147886987,0.7776009668257391,0.8591442151751856,0.11306900244643824,1
0.7196110865929136,1.0,0.42360931752104375,0.30514853760404675,0.7877715990347531,0
0.18126709815936254,0.07717277975933869,0.8303719348612063,0.7223500859507,0.19678260240252043,1
0.14690291021880356,0.16894798212210807,0.8377942867878723,0.682054033549222,0.19578396311082677,1
0.7101292307031886,0.5174752482108307,0.2975645407739017,0.22735159011501682,1.0,0
0.24998641237403715,0.3167224111551137,0.8781009250281806,0.8797843779895766,0.14096361186839937,1
0.6972230296011415,0.4835288853791543,0.2453755551747517,0.3892465300064329,0.7446084291130696,0
0.5153703525349067,0.3909842455872768,0.3701172742310898,0.14324670857457272,0.579871210137134,0
0.1697954500510136,0.2022142545933936,0.8106470144030271,0.7490786637400866,0.042358042366515615,1
0.7693155211394905,0.3359550560219087,0.3141716913639905,0.11799774887792941,0.6371262306672223,0
0.4426716486345523,0.2214609790636618,0.9876496450019537,0.8932434870954667,0.1370211889941741,1
0.5950411738011121,0.689304233940294,0.2790976742713975,0.3021122428379338,0.8723373429020986,0
0.25581395145185065,0.2558728529883879,0.866805980596682,0.8698688813517044,0.1414772890788791,1
0.8029390285561769,0.38036291557885743,0.36337768809320986,0.3238810480887503,0.9116287957249906,0
0.1342165446147863,0.04614561791560276,0.8649363482271188,0.899016623895929,0.17034401331388943,1
0.18053027038833183,0.19258436586298291,0.81535734939931,0.9255403609459897,0.15873916998060122,1
0.5143276751759727,0.7721171490567647,0.3956702316794584,0.32600559636896026,0.6528251703290477,0
0.11389120898264296,0.22396531517246715,0.7552107282731013,0.6904480611154438,0.2261519252535516,1
0.2911362722174722,0.07829838508720637,0.8855668948563229,0.8845802872562929,0.0,1
0.08697962753260763,0.057543588562189996,1.0,0.888114672081337,0.11925969187313051,1
0.7341189901906193,0.5828430601419744,0.2702436496640008,0.2524219456672758,0.8247141261854776,0
0.6244786518825701,0.8688383036941898,0.332876241030348,0.3352773675122219,0.9077278588561902,0
0.0908066099604687,0.026257336177742743,0.8507178466907942,0.8526536683672308,0.06847033447138756,1
0.8029077189997659,0.7254423750129042,0.18967916342783167,0.2213995778119889,0.7906713474501034,0
0.10516519957757993,0.08053996308368554,0.8812378210466572,0.6163640216229603,0.052868427884888214,1
0.6293442541572516,0.6832904416426112,0.3949554135441324,0.26598563919974005,0.4769985620193134,0
0.626049859801175,0.6915375374326223,0.5492999517432791,0.2615026079147417,0.9468287076172693,0
1.0,0.6433746054252406,0.4471170327493609,0.38103087461196083,0.9676098223853692,0
0.4444926340967268,0.6987601427542398,0.34909749516382516,0.35857863249393473,0.7344853644142675,0
0.7113706837290589,0.4491718466495864,0.2786557129069792,0.3453136633913245,0.5723189379978786,0
0.6760092205054858,0.8878033062215104,0.3759155160302647,0.3419154173610002,0.5951066433199199,0
0.706835775985572,0.7316505511428943,0.2911717951648745,0.24805803941122673,0.5044844273432247,0
0.6839454460068163,0.7185450692755408,0.37533416211045323,0.03643257860213045,0.7129920137944936,0
0.7324687884372962,0.45432544447699363,0.1630197020420922,0.21506832038818025,0.9185938398744153,0
0.7769901149670033,0.4787832348182266,0.28036501509150213,0.25861438830463745,1.0,0
0.8278650002194335,0.8528740130036261,0.4628396623128538,0.4210613372581925,0.9029477685435051,0
0.19497953829582554,0.31318568990891094,0.8694051943605874,0.7855095420918569,0.04155447081495618,1
0.14153822693428006,0.3307196643637885,0.7023075072468098,0.8135338347892291,0.12328680874268982,1
0.5904450052424295,0.6891690510195363,0.24425082149921662,0.2276534017628148,0.6973055261359995,0
0.1004184605209771,0.32549330716472413,0.8729074688205702,0.8189328307292375,0.18524686434329507,1
0.23979270499468092,0.12323589091012063,0.8957805609925784,0.8004229858994152,0.0,1
0.9368819223261087,0.5315212151522262,0.3895193220027732,0.31963874474567155,0.8001808213043337,0
0.6296236521842943,0.7797419775179286,0.3184680305864908,0.21299889701178723,0.5825532170452206,0
0.6485928225209845,0.823921184021132,0.5088374704780727,0.18540358208754648,0.6695505378087959,0
0.8284598191485208,0.8818659606728496,0.16659745050817953,0.20250963433774755,0.8693258999122915,0
0.5946920359183971,0.7457959651492784,0.372762954363698,0.2936559804157668,0.8933310716065104,0
0.17653794300425862,0.21927227551168593,0.9404017554761315,0.9053985771182876,0.10141492649657584,1
0.16648622188285483,0.25074439731951986,0.8042151613817511,0.9435087399222236,0.020911820830543465,1
0.6916678451655072,0.5371842738526543,0.3734877786049817,0.2597983153470895,0.5590134348891982,0
0.34769344261182744,0.04736307923341078,0.9478889558556779,0.9948342644789814,0.16855897462984165,1
0.7864835444583649,0.5595387361501847,0.2879051851392218,0.36241127199860135,0.7653700439232847,0
0.6661335549270196,0.7586720384759871,0.2426299996061421,0.3082097703468616,0.8416065406937288,0
0.16294919014099712,0.07923741051779738,0.8758661147855388,0.8388375729230169,0.0,1
0.40186466280986605,0.8787508086413859,0.38502217421134927,0.1689747562985619,0.7324716102722884,0
0.007232742065439002,0.38200407220172594,0.731596944177744,0.7663447410121828,0.07204925367034666,1
0.20239030432849556,0.23301918118626103,0.9852202678867145,0.5145373337095609,0.05158815054151823,1
0.32179591523055584,0.09061885919312948,0.8134494063014734,0.8404212865277333,0.21815677164191463,1
1.0,0.8558311274651288,0.2196325432030269,0.329994190194205,0.6183242106078829,0
0.3228980502489062,0.16310651862158487,0.9496118214911129,0.8223270835920261,0.04778684299800076,1
0.7498471017969387,0.6309408935226096,0.2356481769619857,0.0698942265847261,0.9526492200265254,0
1.0,0.9043110189988317,0.1896410682784229,0.20683796872819515,0.8010199766839997,0
0.2216775563762629,0.05352945742492851,1.0,0.7346101611674424,0.21663705456692522,1
0.23498000245679077,0.1716624975404619,0.728271730777952,0.7025878153783632,0.0,1
0.2479441518086064,0.20540577711159072,0.8413930307209107,0.8363970630852738,0.0,1
0.021413350806588877,0.055449312005726864,0.8712093353074175,0.8126267736234069,0.0,1
1.0,0.45482534940453345,0.10062643574285443,0.1845924316872576,0.5823236464922662,0
0.22873289044030093,0.10956025768160386,0.8879639648385965,0.8942788514140076,0.16037905202778943,1
0.5246982943570702,0.7951533247797384,0.2942381202966414,0.17482089499048156,0.6508475938087233,0
0.8396920178674298,0.5676246067755065,0.2328376632061948,0.2867365506816178,0.6771113210417754,0
0.5861301007669453,0.7863782979252623,0.3742095372009307,0.2473594243041073,0.804919549311738,0
0.5759153584671515,0.7765863635511022,0.31833599197791557,0.2760321838771221,0.8612979217221006,0
